--
-- PostgreSQL database dump
--

\restrict yBG3rt3b0CUPiaerBs8qXzT1GPpxcFkMXjhufDyK6qa4TiljfToEchb2Hn7hOtO

-- Dumped from database version 16.14
-- Dumped by pg_dump version 16.14

SET statement_timeout = 0;
SET lock_timeout = 0;
SET idle_in_transaction_session_timeout = 0;
SET client_encoding = 'UTF8';
SET standard_conforming_strings = on;
SELECT pg_catalog.set_config('search_path', '', false);
SET check_function_bodies = false;
SET xmloption = content;
SET client_min_messages = warning;
SET row_security = off;

--
-- Name: bet_item_result; Type: TYPE; Schema: public; Owner: -
--

CREATE TYPE public.bet_item_result AS ENUM (
    'PENDING',
    'WON',
    'LOST',
    'CANCELLED'
);


--
-- Name: bet_mode; Type: TYPE; Schema: public; Owner: -
--

CREATE TYPE public.bet_mode AS ENUM (
    'SINGLE',
    'PARLAY'
);


--
-- Name: bet_status; Type: TYPE; Schema: public; Owner: -
--

CREATE TYPE public.bet_status AS ENUM (
    'PENDING_REVIEW',
    'APPROVED',
    'ACTIVE',
    'WON',
    'LOST',
    'CANCELLED'
);


--
-- Name: bet_type; Type: TYPE; Schema: public; Owner: -
--

CREATE TYPE public.bet_type AS ENUM (
    'X1X',
    'TOTAL_GOALS',
    'CORRECT_SCORE',
    'HANDICAP_X1X',
    'HALF_FULL'
);


--
-- Name: match_status; Type: TYPE; Schema: public; Owner: -
--

CREATE TYPE public.match_status AS ENUM (
    'UPCOMING',
    'LIVE',
    'SEALED',
    'FINISHED',
    'CANCELLED',
    'POSTPONED'
);


--
-- Name: role; Type: TYPE; Schema: public; Owner: -
--

CREATE TYPE public.role AS ENUM (
    'ADMIN',
    'PLAYER'
);


--
-- Name: tournament_status; Type: TYPE; Schema: public; Owner: -
--

CREATE TYPE public.tournament_status AS ENUM (
    'UPCOMING',
    'ACTIVE',
    'FINISHED'
);


--
-- Name: tx_type; Type: TYPE; Schema: public; Owner: -
--

CREATE TYPE public.tx_type AS ENUM (
    'RECHARGE',
    'BET',
    'WIN',
    'REFUND',
    'ADJUST'
);


--
-- Name: user_status; Type: TYPE; Schema: public; Owner: -
--

CREATE TYPE public.user_status AS ENUM (
    'ACTIVE',
    'DISABLED'
);


SET default_tablespace = '';

SET default_table_access_method = heap;

--
-- Name: bet_items; Type: TABLE; Schema: public; Owner: -
--

CREATE TABLE public.bet_items (
    id integer NOT NULL,
    "betId" integer NOT NULL,
    "matchId" integer NOT NULL,
    "betMarket" public.bet_type NOT NULL,
    "selectedOption" character varying(50) NOT NULL,
    "lockedOdds" numeric(6,2) NOT NULL,
    result public.bet_item_result DEFAULT 'PENDING'::public.bet_item_result NOT NULL,
    "settledAt" timestamp(3) without time zone
);


--
-- Name: bet_items_id_seq; Type: SEQUENCE; Schema: public; Owner: -
--

CREATE SEQUENCE public.bet_items_id_seq
    AS integer
    START WITH 1
    INCREMENT BY 1
    NO MINVALUE
    NO MAXVALUE
    CACHE 1;


--
-- Name: bet_items_id_seq; Type: SEQUENCE OWNED BY; Schema: public; Owner: -
--

ALTER SEQUENCE public.bet_items_id_seq OWNED BY public.bet_items.id;


--
-- Name: bets; Type: TABLE; Schema: public; Owner: -
--

CREATE TABLE public.bets (
    id integer NOT NULL,
    "betUid" character varying(36) NOT NULL,
    "userId" integer NOT NULL,
    "betMode" public.bet_mode NOT NULL,
    "totalAmount" numeric(10,2) NOT NULL,
    status public.bet_status DEFAULT 'PENDING_REVIEW'::public.bet_status NOT NULL,
    "lockedTotalOdds" numeric(8,2) NOT NULL,
    "potentialPayout" numeric(10,2) NOT NULL,
    "actualPayout" numeric(10,2),
    "rejectReason" character varying(200),
    "createdAt" timestamp(3) without time zone DEFAULT CURRENT_TIMESTAMP NOT NULL,
    "settledAt" timestamp(3) without time zone
);


--
-- Name: bets_id_seq; Type: SEQUENCE; Schema: public; Owner: -
--

CREATE SEQUENCE public.bets_id_seq
    AS integer
    START WITH 1
    INCREMENT BY 1
    NO MINVALUE
    NO MAXVALUE
    CACHE 1;


--
-- Name: bets_id_seq; Type: SEQUENCE OWNED BY; Schema: public; Owner: -
--

ALTER SEQUENCE public.bets_id_seq OWNED BY public.bets.id;


--
-- Name: matches; Type: TABLE; Schema: public; Owner: -
--

CREATE TABLE public.matches (
    id integer NOT NULL,
    "tournamentId" integer NOT NULL,
    "apiMatchId" character varying(20) NOT NULL,
    "homeTeam" character varying(50) NOT NULL,
    "awayTeam" character varying(50) NOT NULL,
    "homeTeamLogo" character varying(500),
    "awayTeamLogo" character varying(500),
    "kickoffTime" timestamp(3) without time zone NOT NULL,
    status public.match_status DEFAULT 'UPCOMING'::public.match_status NOT NULL,
    "homeScore" integer,
    "awayScore" integer,
    "oddsUpdatedAt" timestamp(3) without time zone,
    "createdAt" timestamp(3) without time zone DEFAULT CURRENT_TIMESTAMP NOT NULL,
    "updatedAt" timestamp(3) without time zone NOT NULL,
    "finalAwayScore" integer,
    "finalHomeScore" integer,
    "halfAwayScore" integer,
    "halfHomeScore" integer
);


--
-- Name: matches_id_seq; Type: SEQUENCE; Schema: public; Owner: -
--

CREATE SEQUENCE public.matches_id_seq
    AS integer
    START WITH 1
    INCREMENT BY 1
    NO MINVALUE
    NO MAXVALUE
    CACHE 1;


--
-- Name: matches_id_seq; Type: SEQUENCE OWNED BY; Schema: public; Owner: -
--

ALTER SEQUENCE public.matches_id_seq OWNED BY public.matches.id;


--
-- Name: odds; Type: TABLE; Schema: public; Owner: -
--

CREATE TABLE public.odds (
    id integer NOT NULL,
    "matchId" integer NOT NULL,
    "betType" public.bet_type NOT NULL,
    "optionKey" character varying(50) NOT NULL,
    "oddsValue" numeric(6,2) NOT NULL,
    "updatedAt" timestamp(3) without time zone NOT NULL
);


--
-- Name: odds_id_seq; Type: SEQUENCE; Schema: public; Owner: -
--

CREATE SEQUENCE public.odds_id_seq
    AS integer
    START WITH 1
    INCREMENT BY 1
    NO MINVALUE
    NO MAXVALUE
    CACHE 1;


--
-- Name: odds_id_seq; Type: SEQUENCE OWNED BY; Schema: public; Owner: -
--

ALTER SEQUENCE public.odds_id_seq OWNED BY public.odds.id;


--
-- Name: tournaments; Type: TABLE; Schema: public; Owner: -
--

CREATE TABLE public.tournaments (
    id integer NOT NULL,
    name character varying(100) NOT NULL,
    "leagueId" integer NOT NULL,
    season character(4) NOT NULL,
    "startDate" timestamp(3) without time zone NOT NULL,
    "endDate" timestamp(3) without time zone NOT NULL,
    status public.tournament_status DEFAULT 'UPCOMING'::public.tournament_status NOT NULL,
    "createdAt" timestamp(3) without time zone DEFAULT CURRENT_TIMESTAMP NOT NULL,
    "updatedAt" timestamp(3) without time zone NOT NULL
);


--
-- Name: tournaments_id_seq; Type: SEQUENCE; Schema: public; Owner: -
--

CREATE SEQUENCE public.tournaments_id_seq
    AS integer
    START WITH 1
    INCREMENT BY 1
    NO MINVALUE
    NO MAXVALUE
    CACHE 1;


--
-- Name: tournaments_id_seq; Type: SEQUENCE OWNED BY; Schema: public; Owner: -
--

ALTER SEQUENCE public.tournaments_id_seq OWNED BY public.tournaments.id;


--
-- Name: transactions; Type: TABLE; Schema: public; Owner: -
--

CREATE TABLE public.transactions (
    id integer NOT NULL,
    "userId" integer NOT NULL,
    type public.tx_type NOT NULL,
    amount numeric(10,2) NOT NULL,
    "balanceAfter" numeric(10,2) NOT NULL,
    "relatedBetId" integer,
    "operatorId" integer,
    remark character varying(200),
    "createdAt" timestamp(3) without time zone DEFAULT CURRENT_TIMESTAMP NOT NULL
);


--
-- Name: transactions_id_seq; Type: SEQUENCE; Schema: public; Owner: -
--

CREATE SEQUENCE public.transactions_id_seq
    AS integer
    START WITH 1
    INCREMENT BY 1
    NO MINVALUE
    NO MAXVALUE
    CACHE 1;


--
-- Name: transactions_id_seq; Type: SEQUENCE OWNED BY; Schema: public; Owner: -
--

ALTER SEQUENCE public.transactions_id_seq OWNED BY public.transactions.id;


--
-- Name: user_stats; Type: TABLE; Schema: public; Owner: -
--

CREATE TABLE public.user_stats (
    id integer NOT NULL,
    "userId" integer NOT NULL,
    "totalBets" integer DEFAULT 0 NOT NULL,
    "totalWonBets" integer DEFAULT 0 NOT NULL,
    "totalBetAmount" numeric(12,2) DEFAULT 0 NOT NULL,
    "totalWinAmount" numeric(12,2) DEFAULT 0 NOT NULL,
    "netProfit" numeric(12,2) DEFAULT 0 NOT NULL,
    "updatedAt" timestamp(3) without time zone NOT NULL
);


--
-- Name: user_stats_id_seq; Type: SEQUENCE; Schema: public; Owner: -
--

CREATE SEQUENCE public.user_stats_id_seq
    AS integer
    START WITH 1
    INCREMENT BY 1
    NO MINVALUE
    NO MAXVALUE
    CACHE 1;


--
-- Name: user_stats_id_seq; Type: SEQUENCE OWNED BY; Schema: public; Owner: -
--

ALTER SEQUENCE public.user_stats_id_seq OWNED BY public.user_stats.id;


--
-- Name: users; Type: TABLE; Schema: public; Owner: -
--

CREATE TABLE public.users (
    id integer NOT NULL,
    username character varying(20) NOT NULL,
    nickname character varying(20) NOT NULL,
    avatar character varying(500),
    role public.role DEFAULT 'PLAYER'::public.role NOT NULL,
    status public.user_status DEFAULT 'ACTIVE'::public.user_status NOT NULL,
    "createdAt" timestamp(3) without time zone DEFAULT CURRENT_TIMESTAMP NOT NULL,
    "updatedAt" timestamp(3) without time zone NOT NULL
);


--
-- Name: users_id_seq; Type: SEQUENCE; Schema: public; Owner: -
--

CREATE SEQUENCE public.users_id_seq
    AS integer
    START WITH 1
    INCREMENT BY 1
    NO MINVALUE
    NO MAXVALUE
    CACHE 1;


--
-- Name: users_id_seq; Type: SEQUENCE OWNED BY; Schema: public; Owner: -
--

ALTER SEQUENCE public.users_id_seq OWNED BY public.users.id;


--
-- Name: wallets; Type: TABLE; Schema: public; Owner: -
--

CREATE TABLE public.wallets (
    id integer NOT NULL,
    "userId" integer NOT NULL,
    balance numeric(10,2) DEFAULT 0 NOT NULL,
    "updatedAt" timestamp(3) without time zone NOT NULL
);


--
-- Name: wallets_id_seq; Type: SEQUENCE; Schema: public; Owner: -
--

CREATE SEQUENCE public.wallets_id_seq
    AS integer
    START WITH 1
    INCREMENT BY 1
    NO MINVALUE
    NO MAXVALUE
    CACHE 1;


--
-- Name: wallets_id_seq; Type: SEQUENCE OWNED BY; Schema: public; Owner: -
--

ALTER SEQUENCE public.wallets_id_seq OWNED BY public.wallets.id;


--
-- Name: bet_items id; Type: DEFAULT; Schema: public; Owner: -
--

ALTER TABLE ONLY public.bet_items ALTER COLUMN id SET DEFAULT nextval('public.bet_items_id_seq'::regclass);


--
-- Name: bets id; Type: DEFAULT; Schema: public; Owner: -
--

ALTER TABLE ONLY public.bets ALTER COLUMN id SET DEFAULT nextval('public.bets_id_seq'::regclass);


--
-- Name: matches id; Type: DEFAULT; Schema: public; Owner: -
--

ALTER TABLE ONLY public.matches ALTER COLUMN id SET DEFAULT nextval('public.matches_id_seq'::regclass);


--
-- Name: odds id; Type: DEFAULT; Schema: public; Owner: -
--

ALTER TABLE ONLY public.odds ALTER COLUMN id SET DEFAULT nextval('public.odds_id_seq'::regclass);


--
-- Name: tournaments id; Type: DEFAULT; Schema: public; Owner: -
--

ALTER TABLE ONLY public.tournaments ALTER COLUMN id SET DEFAULT nextval('public.tournaments_id_seq'::regclass);


--
-- Name: transactions id; Type: DEFAULT; Schema: public; Owner: -
--

ALTER TABLE ONLY public.transactions ALTER COLUMN id SET DEFAULT nextval('public.transactions_id_seq'::regclass);


--
-- Name: user_stats id; Type: DEFAULT; Schema: public; Owner: -
--

ALTER TABLE ONLY public.user_stats ALTER COLUMN id SET DEFAULT nextval('public.user_stats_id_seq'::regclass);


--
-- Name: users id; Type: DEFAULT; Schema: public; Owner: -
--

ALTER TABLE ONLY public.users ALTER COLUMN id SET DEFAULT nextval('public.users_id_seq'::regclass);


--
-- Name: wallets id; Type: DEFAULT; Schema: public; Owner: -
--

ALTER TABLE ONLY public.wallets ALTER COLUMN id SET DEFAULT nextval('public.wallets_id_seq'::regclass);


--
-- Data for Name: bet_items; Type: TABLE DATA; Schema: public; Owner: -
--

COPY public.bet_items (id, "betId", "matchId", "betMarket", "selectedOption", "lockedOdds", result, "settledAt") FROM stdin;
14	12	83	X1X	home	2.57	WON	2026-06-02 16:46:11.695
16	13	83	X1X	draw	2.85	LOST	2026-06-02 16:46:11.695
18	15	83	HALF_FULL	胜平	14.00	LOST	2026-06-02 16:46:11.696
19	14	83	HANDICAP_X1X	-1:draw	4.48	WON	2026-06-02 16:46:11.696
20	17	83	TOTAL_GOALS	2球	3.80	LOST	2026-06-02 16:46:11.697
21	16	83	X1X	home	2.57	WON	2026-06-02 16:46:11.697
22	18	83	CORRECT_SCORE	2:0	14.00	LOST	2026-06-02 16:46:11.698
23	19	83	CORRECT_SCORE	5:0	200.00	LOST	2026-06-02 16:46:11.698
24	21	83	HANDICAP_X1X	-1:draw	4.48	WON	2026-06-02 16:46:11.698
25	20	83	HALF_FULL	胜平	14.00	LOST	2026-06-02 16:46:11.699
26	23	83	CORRECT_SCORE	3:2	26.00	LOST	2026-06-02 16:46:11.699
27	22	83	X1X	draw	2.85	LOST	2026-06-02 16:46:11.7
28	25	83	CORRECT_SCORE	平其它	160.00	LOST	2026-06-02 16:46:11.7
29	24	83	TOTAL_GOALS	6球	17.00	LOST	2026-06-02 16:46:11.7
30	26	83	CORRECT_SCORE	2:4	65.00	LOST	2026-06-02 16:46:11.701
9	8	84	CORRECT_SCORE	平其它	250.00	LOST	2026-06-02 17:43:35.138
10	7	84	X1X	home	2.07	LOST	2026-06-02 17:43:35.138
11	9	84	TOTAL_GOALS	1球	4.50	LOST	2026-06-02 17:43:35.139
12	10	84	CORRECT_SCORE	5:0	100.00	LOST	2026-06-02 17:43:35.139
13	11	84	CORRECT_SCORE	负其它	120.00	LOST	2026-06-02 17:43:35.14
15	12	84	X1X	home	2.07	LOST	2026-06-02 17:43:35.14
36	32	84	CORRECT_SCORE	2:0	9.50	LOST	2026-06-02 17:43:35.141
37	33	84	X1X	draw	3.02	WON	2026-06-02 17:43:35.141
38	36	84	TOTAL_GOALS	1球	4.50	LOST	2026-06-02 17:43:35.142
40	35	84	CORRECT_SCORE	2:0	9.50	LOST	2026-06-02 17:43:35.143
39	37	84	HALF_FULL	平胜	4.80	LOST	2026-06-02 17:43:35.143
41	34	84	TOTAL_GOALS	6球	21.00	WON	2026-06-02 17:43:35.144
42	38	84	CORRECT_SCORE	1:1	6.00	LOST	2026-06-02 17:43:35.145
43	39	85	X1X	home	2.09	WON	2026-06-03 00:53:08.404
44	40	85	HALF_FULL	负平	14.00	LOST	2026-06-03 00:53:08.405
45	41	85	CORRECT_SCORE	5:0	120.00	LOST	2026-06-03 00:53:08.405
46	42	85	HANDICAP_X1X	-1:draw	3.71	LOST	2026-06-03 00:53:08.405
47	43	85	TOTAL_GOALS	5球	13.50	WON	2026-06-03 00:53:08.406
17	13	84	X1X	draw	3.02	WON	2026-06-02 17:43:35.133
31	28	84	TOTAL_GOALS	5球	11.00	LOST	2026-06-02 17:43:35.134
32	29	84	TOTAL_GOALS	4球	6.10	LOST	2026-06-02 17:43:35.134
33	30	84	CORRECT_SCORE	2:5	300.00	LOST	2026-06-02 17:43:35.135
34	27	84	X1X	home	2.07	LOST	2026-06-02 17:43:35.135
35	31	84	HALF_FULL	平平	5.10	WON	2026-06-02 17:43:35.136
7	5	84	HALF_FULL	平平	5.10	WON	2026-06-02 17:43:35.137
8	6	84	HANDICAP_X1X	-1:draw	3.65	LOST	2026-06-02 17:43:35.137
\.


--
-- Data for Name: bets; Type: TABLE DATA; Schema: public; Owner: -
--

COPY public.bets (id, "betUid", "userId", "betMode", "totalAmount", status, "lockedTotalOdds", "potentialPayout", "actualPayout", "rejectReason", "createdAt", "settledAt") FROM stdin;
5	f042ee1e-b0a2-43b2-b38e-1adee9ded8b2	8	SINGLE	20.00	WON	5.10	102.00	102.00	\N	2026-06-02 16:27:34.858	2026-06-02 17:43:35.148
6	90c4608f-6f12-4c19-805c-bb2a703055fd	8	SINGLE	10.00	LOST	3.65	36.50	0.00	\N	2026-06-02 16:27:34.859	2026-06-02 17:43:35.154
7	c0d7cca6-7f6f-4a41-8f74-8270ecda1bf3	8	SINGLE	20.00	LOST	2.07	41.40	0.00	\N	2026-06-02 16:27:34.862	2026-06-02 17:43:35.156
8	da8e9592-414e-456f-a420-f3616432e445	8	SINGLE	20.00	LOST	250.00	5000.00	0.00	\N	2026-06-02 16:27:34.863	2026-06-02 17:43:35.157
9	0ca24ad4-c7bf-4bd2-aa6e-18eae853c5fc	8	SINGLE	10.00	LOST	4.50	45.00	0.00	\N	2026-06-02 16:27:34.864	2026-06-02 17:43:35.158
39	3caeb50b-0df1-48be-a33c-49e62d4feef3	8	SINGLE	5.00	WON	2.09	10.45	10.45	\N	2026-06-02 18:07:22.851	2026-06-03 00:53:08.408
41	57d6ecf8-181f-4459-9849-8ba4f7337d9b	8	SINGLE	5.00	LOST	120.00	600.00	0.00	\N	2026-06-02 18:07:22.856	2026-06-03 00:53:08.413
43	c3dbb3a5-2e2a-43f7-8d31-b0f33127dffc	8	SINGLE	5.00	WON	13.50	67.50	67.50	\N	2026-06-02 18:07:22.86	2026-06-03 00:53:08.414
14	143687e3-28f7-4fff-9a2a-3d653338ae0d	9	SINGLE	20.00	WON	4.48	89.60	89.60	\N	2026-06-02 16:39:37.715	2026-06-02 16:46:11.705
15	aa539db9-57eb-4231-91ae-e7b6a87b6f31	9	SINGLE	10.00	LOST	14.00	140.00	0.00	\N	2026-06-02 16:39:37.717	2026-06-02 16:46:11.713
16	43abda07-2b7e-420f-bdf5-fab97b8897d6	9	SINGLE	10.00	WON	2.57	25.70	25.70	\N	2026-06-02 16:39:37.718	2026-06-02 16:46:11.715
17	44ee991e-f934-4494-b605-1ea1bc91f075	9	SINGLE	10.00	LOST	3.80	38.00	0.00	\N	2026-06-02 16:39:37.719	2026-06-02 16:46:11.719
18	a92c5db0-760c-461e-9b3c-655c463867ae	9	SINGLE	5.00	LOST	14.00	70.00	0.00	\N	2026-06-02 16:39:37.72	2026-06-02 16:46:11.72
19	3789513e-c5f0-4ba0-9d04-d8dd023461b9	9	SINGLE	5.00	LOST	200.00	1000.00	0.00	\N	2026-06-02 16:39:37.724	2026-06-02 16:46:11.722
20	e8220ff7-49e8-41bb-9427-db7ab399db7f	7	SINGLE	5.00	LOST	14.00	70.00	0.00	\N	2026-06-02 16:40:50.959	2026-06-02 16:46:11.724
21	a31fc536-1f7a-4387-a618-95512d1506bb	7	SINGLE	10.00	WON	4.48	44.80	44.80	\N	2026-06-02 16:40:50.961	2026-06-02 16:46:11.725
22	2cff4936-b12c-43f5-87ca-d270316f62dd	7	SINGLE	10.00	LOST	2.85	28.50	0.00	\N	2026-06-02 16:40:50.962	2026-06-02 16:46:11.728
23	cde05359-04ab-42bf-b53a-e7ba78699ccf	7	SINGLE	5.00	LOST	26.00	130.00	0.00	\N	2026-06-02 16:40:50.965	2026-06-02 16:46:11.73
24	db99e46b-2ca1-4dcc-8cd7-a4c949f706af	7	SINGLE	10.00	LOST	17.00	170.00	0.00	\N	2026-06-02 16:40:50.966	2026-06-02 16:46:11.731
25	0e0ef23f-daa5-4f9a-ba14-d8e526635311	7	SINGLE	5.00	LOST	160.00	800.00	0.00	\N	2026-06-02 16:40:50.967	2026-06-02 16:46:11.733
26	7e1364a8-ce21-48f4-82ee-2090dbf68114	7	SINGLE	5.00	LOST	65.00	325.00	0.00	\N	2026-06-02 16:40:50.983	2026-06-02 16:46:11.748
10	7b3e8d64-ffa9-4811-bbe9-12596bb02f13	8	SINGLE	20.00	LOST	100.00	2000.00	0.00	\N	2026-06-02 16:27:34.867	2026-06-02 17:43:35.159
11	f0450a13-1abf-4278-ab3c-2e51c3298707	8	SINGLE	10.00	LOST	120.00	1200.00	0.00	\N	2026-06-02 16:27:34.881	2026-06-02 17:43:35.16
12	77bb355d-a49c-4196-87a1-610b8e119070	7	PARLAY	20.00	LOST	5.32	106.40	0.00	\N	2026-06-02 16:34:50.915	2026-06-02 17:43:35.16
13	94fc84de-1b0f-4797-869f-f3182e5a960e	9	PARLAY	20.00	LOST	8.61	172.20	0.00	\N	2026-06-02 16:36:58.576	2026-06-02 17:43:35.161
27	e4e52421-f6cb-4e50-b98a-7089d18b2dda	9	SINGLE	10.00	LOST	2.07	20.70	0.00	\N	2026-06-02 16:54:57.724	2026-06-02 17:43:35.162
28	48c19c4e-8c5e-42c9-9403-9cb840ce35e0	9	SINGLE	10.00	LOST	11.00	110.00	0.00	\N	2026-06-02 16:54:57.727	2026-06-02 17:43:35.163
29	5b6cea58-c37a-4800-89c3-af6cbe8fa2e2	9	SINGLE	10.00	LOST	6.10	61.00	0.00	\N	2026-06-02 16:54:57.729	2026-06-02 17:43:35.163
30	5450d1e0-14aa-4333-bcc7-b0d4ec671bf4	9	SINGLE	10.00	LOST	300.00	3000.00	0.00	\N	2026-06-02 16:54:57.73	2026-06-02 17:43:35.164
31	bf0ca80d-b5fc-48ef-8666-5ffd2950fdc9	9	SINGLE	10.00	WON	5.10	51.00	51.00	\N	2026-06-02 16:54:57.731	2026-06-02 17:43:35.165
32	4a43e9c5-48b3-4fd7-bd31-cee49e0a13fe	9	SINGLE	10.00	LOST	9.50	95.00	0.00	\N	2026-06-02 16:54:57.732	2026-06-02 17:43:35.168
33	ece60c1d-eec8-4407-bb48-1cd08f5aa0f4	7	SINGLE	10.00	WON	3.02	30.20	30.20	\N	2026-06-02 16:55:22.743	2026-06-02 17:43:35.169
34	4eae3c63-7f3d-447f-8e27-213a6a7d8f93	7	SINGLE	10.00	WON	21.00	210.00	210.00	\N	2026-06-02 16:55:22.745	2026-06-02 17:43:35.183
35	a2a1805b-4ebe-4d52-8f6f-8b07c4f237db	7	SINGLE	10.00	LOST	9.50	95.00	0.00	\N	2026-06-02 16:55:22.746	2026-06-02 17:43:35.188
36	f8625ed5-5501-4b91-8f7a-3fba7ce3aaf1	7	SINGLE	10.00	LOST	4.50	45.00	0.00	\N	2026-06-02 16:55:22.747	2026-06-02 17:43:35.189
37	097b6937-1bd2-4d1e-90ec-caee1ee00a15	7	SINGLE	10.00	LOST	4.80	48.00	0.00	\N	2026-06-02 16:55:22.748	2026-06-02 17:43:35.19
38	2b847ee0-9a20-4ab4-bb91-356f5ae2cfe5	7	SINGLE	10.00	LOST	6.00	60.00	0.00	\N	2026-06-02 16:55:22.749	2026-06-02 17:43:35.19
40	8282147c-4486-4874-8b60-9b22c6cb4cae	8	SINGLE	5.00	LOST	14.00	70.00	0.00	\N	2026-06-02 18:07:22.852	2026-06-03 00:53:08.416
42	c8731329-2fba-424c-9917-c531ab61c0f3	8	SINGLE	5.00	LOST	3.71	18.55	0.00	\N	2026-06-02 18:07:22.859	2026-06-03 00:53:08.416
\.


--
-- Data for Name: matches; Type: TABLE DATA; Schema: public; Owner: -
--

COPY public.matches (id, "tournamentId", "apiMatchId", "homeTeam", "awayTeam", "homeTeamLogo", "awayTeamLogo", "kickoffTime", status, "homeScore", "awayScore", "oddsUpdatedAt", "createdAt", "updatedAt", "finalAwayScore", "finalHomeScore", "halfAwayScore", "halfHomeScore") FROM stdin;
11	1	wc2026-a01	墨西哥	南非	\N	\N	2026-06-11 19:00:00	UPCOMING	\N	\N	\N	2026-06-02 10:43:26.319	2026-06-02 10:43:26.319	\N	\N	\N	\N
12	1	wc2026-a02	韩国	捷克	\N	\N	2026-06-12 02:00:00	UPCOMING	\N	\N	\N	2026-06-02 10:43:26.328	2026-06-02 10:43:26.328	\N	\N	\N	\N
13	1	wc2026-a03	捷克	南非	\N	\N	2026-06-18 16:00:00	UPCOMING	\N	\N	\N	2026-06-02 10:43:26.333	2026-06-02 10:43:26.333	\N	\N	\N	\N
14	1	wc2026-a04	墨西哥	韩国	\N	\N	2026-06-19 01:00:00	UPCOMING	\N	\N	\N	2026-06-02 10:43:26.336	2026-06-02 10:43:26.336	\N	\N	\N	\N
15	1	wc2026-a05	捷克	墨西哥	\N	\N	2026-06-25 01:00:00	UPCOMING	\N	\N	\N	2026-06-02 10:43:26.339	2026-06-02 10:43:26.339	\N	\N	\N	\N
16	1	wc2026-a06	南非	韩国	\N	\N	2026-06-25 01:00:00	UPCOMING	\N	\N	\N	2026-06-02 10:43:26.348	2026-06-02 10:43:26.348	\N	\N	\N	\N
17	1	wc2026-b01	加拿大	波黑	\N	\N	2026-06-12 19:00:00	UPCOMING	\N	\N	\N	2026-06-02 10:43:26.351	2026-06-02 10:43:26.351	\N	\N	\N	\N
18	1	wc2026-b02	卡塔尔	瑞士	\N	\N	2026-06-13 19:00:00	UPCOMING	\N	\N	\N	2026-06-02 10:43:26.355	2026-06-02 10:43:26.355	\N	\N	\N	\N
19	1	wc2026-b03	瑞士	波黑	\N	\N	2026-06-18 19:00:00	UPCOMING	\N	\N	\N	2026-06-02 10:43:26.359	2026-06-02 10:43:26.359	\N	\N	\N	\N
20	1	wc2026-b04	加拿大	卡塔尔	\N	\N	2026-06-18 22:00:00	UPCOMING	\N	\N	\N	2026-06-02 10:43:26.362	2026-06-02 10:43:26.362	\N	\N	\N	\N
21	1	wc2026-b05	瑞士	加拿大	\N	\N	2026-06-24 19:00:00	UPCOMING	\N	\N	\N	2026-06-02 10:43:26.365	2026-06-02 10:43:26.365	\N	\N	\N	\N
22	1	wc2026-b06	波黑	卡塔尔	\N	\N	2026-06-24 19:00:00	UPCOMING	\N	\N	\N	2026-06-02 10:43:26.367	2026-06-02 10:43:26.367	\N	\N	\N	\N
23	1	wc2026-c01	巴西	摩洛哥	\N	\N	2026-06-13 22:00:00	UPCOMING	\N	\N	\N	2026-06-02 10:43:26.369	2026-06-02 10:43:26.369	\N	\N	\N	\N
24	1	wc2026-c02	海地	苏格兰	\N	\N	2026-06-14 01:00:00	UPCOMING	\N	\N	\N	2026-06-02 10:43:26.371	2026-06-02 10:43:26.371	\N	\N	\N	\N
25	1	wc2026-c03	苏格兰	摩洛哥	\N	\N	2026-06-19 22:00:00	UPCOMING	\N	\N	\N	2026-06-02 10:43:26.374	2026-06-02 10:43:26.374	\N	\N	\N	\N
26	1	wc2026-c04	巴西	海地	\N	\N	2026-06-20 01:00:00	UPCOMING	\N	\N	\N	2026-06-02 10:43:26.376	2026-06-02 10:43:26.376	\N	\N	\N	\N
27	1	wc2026-c05	苏格兰	巴西	\N	\N	2026-06-24 22:00:00	UPCOMING	\N	\N	\N	2026-06-02 10:43:26.379	2026-06-02 10:43:26.379	\N	\N	\N	\N
28	1	wc2026-c06	摩洛哥	海地	\N	\N	2026-06-24 22:00:00	UPCOMING	\N	\N	\N	2026-06-02 10:43:26.381	2026-06-02 10:43:26.381	\N	\N	\N	\N
29	1	wc2026-d01	美国	巴拉圭	\N	\N	2026-06-13 01:00:00	UPCOMING	\N	\N	\N	2026-06-02 10:43:26.384	2026-06-02 10:43:26.384	\N	\N	\N	\N
30	1	wc2026-d02	澳大利亚	土耳其	\N	\N	2026-06-13 04:00:00	UPCOMING	\N	\N	\N	2026-06-02 10:43:26.386	2026-06-02 10:43:26.386	\N	\N	\N	\N
31	1	wc2026-d03	美国	澳大利亚	\N	\N	2026-06-19 19:00:00	UPCOMING	\N	\N	\N	2026-06-02 10:43:26.388	2026-06-02 10:43:26.388	\N	\N	\N	\N
32	1	wc2026-d04	土耳其	巴拉圭	\N	\N	2026-06-20 03:00:00	UPCOMING	\N	\N	\N	2026-06-02 10:43:26.39	2026-06-02 10:43:26.39	\N	\N	\N	\N
33	1	wc2026-d05	土耳其	美国	\N	\N	2026-06-26 02:00:00	UPCOMING	\N	\N	\N	2026-06-02 10:43:26.392	2026-06-02 10:43:26.392	\N	\N	\N	\N
34	1	wc2026-d06	巴拉圭	澳大利亚	\N	\N	2026-06-26 02:00:00	UPCOMING	\N	\N	\N	2026-06-02 10:43:26.394	2026-06-02 10:43:26.394	\N	\N	\N	\N
35	1	wc2026-e01	德国	库拉索	\N	\N	2026-06-14 17:00:00	UPCOMING	\N	\N	\N	2026-06-02 10:43:26.397	2026-06-02 10:43:26.397	\N	\N	\N	\N
36	1	wc2026-e02	科特迪瓦	厄瓜多尔	\N	\N	2026-06-14 23:00:00	UPCOMING	\N	\N	\N	2026-06-02 10:43:26.399	2026-06-02 10:43:26.399	\N	\N	\N	\N
37	1	wc2026-e03	德国	科特迪瓦	\N	\N	2026-06-20 20:00:00	UPCOMING	\N	\N	\N	2026-06-02 10:43:26.401	2026-06-02 10:43:26.401	\N	\N	\N	\N
38	1	wc2026-e04	厄瓜多尔	库拉索	\N	\N	2026-06-21 00:00:00	UPCOMING	\N	\N	\N	2026-06-02 10:43:26.404	2026-06-02 10:43:26.404	\N	\N	\N	\N
39	1	wc2026-e05	厄瓜多尔	德国	\N	\N	2026-06-25 20:00:00	UPCOMING	\N	\N	\N	2026-06-02 10:43:26.406	2026-06-02 10:43:26.406	\N	\N	\N	\N
40	1	wc2026-e06	库拉索	科特迪瓦	\N	\N	2026-06-25 20:00:00	UPCOMING	\N	\N	\N	2026-06-02 10:43:26.408	2026-06-02 10:43:26.408	\N	\N	\N	\N
41	1	wc2026-f01	荷兰	日本	\N	\N	2026-06-14 20:00:00	UPCOMING	\N	\N	\N	2026-06-02 10:43:26.41	2026-06-02 10:43:26.41	\N	\N	\N	\N
42	1	wc2026-f02	瑞典	突尼斯	\N	\N	2026-06-15 02:00:00	UPCOMING	\N	\N	\N	2026-06-02 10:43:26.412	2026-06-02 10:43:26.412	\N	\N	\N	\N
43	1	wc2026-f03	荷兰	瑞典	\N	\N	2026-06-20 17:00:00	UPCOMING	\N	\N	\N	2026-06-02 10:43:26.414	2026-06-02 10:43:26.414	\N	\N	\N	\N
44	1	wc2026-f04	突尼斯	日本	\N	\N	2026-06-20 04:00:00	UPCOMING	\N	\N	\N	2026-06-02 10:43:26.416	2026-06-02 10:43:26.416	\N	\N	\N	\N
45	1	wc2026-f05	突尼斯	荷兰	\N	\N	2026-06-25 23:00:00	UPCOMING	\N	\N	\N	2026-06-02 10:43:26.418	2026-06-02 10:43:26.418	\N	\N	\N	\N
46	1	wc2026-f06	日本	瑞典	\N	\N	2026-06-25 23:00:00	UPCOMING	\N	\N	\N	2026-06-02 10:43:26.42	2026-06-02 10:43:26.42	\N	\N	\N	\N
47	1	wc2026-g01	比利时	埃及	\N	\N	2026-06-15 19:00:00	UPCOMING	\N	\N	\N	2026-06-02 10:43:26.422	2026-06-02 10:43:26.422	\N	\N	\N	\N
48	1	wc2026-g02	伊朗	新西兰	\N	\N	2026-06-16 01:00:00	UPCOMING	\N	\N	\N	2026-06-02 10:43:26.424	2026-06-02 10:43:26.424	\N	\N	\N	\N
49	1	wc2026-g03	比利时	伊朗	\N	\N	2026-06-21 19:00:00	UPCOMING	\N	\N	\N	2026-06-02 10:43:26.426	2026-06-02 10:43:26.426	\N	\N	\N	\N
50	1	wc2026-g04	新西兰	埃及	\N	\N	2026-06-22 01:00:00	UPCOMING	\N	\N	\N	2026-06-02 10:43:26.427	2026-06-02 10:43:26.427	\N	\N	\N	\N
51	1	wc2026-g05	新西兰	比利时	\N	\N	2026-06-27 03:00:00	UPCOMING	\N	\N	\N	2026-06-02 10:43:26.429	2026-06-02 10:43:26.429	\N	\N	\N	\N
52	1	wc2026-g06	埃及	伊朗	\N	\N	2026-06-27 03:00:00	UPCOMING	\N	\N	\N	2026-06-02 10:43:26.431	2026-06-02 10:43:26.431	\N	\N	\N	\N
53	1	wc2026-h01	西班牙	佛得角	\N	\N	2026-06-15 16:00:00	UPCOMING	\N	\N	\N	2026-06-02 10:43:26.433	2026-06-02 10:43:26.433	\N	\N	\N	\N
54	1	wc2026-h02	沙特	乌拉圭	\N	\N	2026-06-15 22:00:00	UPCOMING	\N	\N	\N	2026-06-02 10:43:26.435	2026-06-02 10:43:26.435	\N	\N	\N	\N
55	1	wc2026-h03	西班牙	沙特	\N	\N	2026-06-21 16:00:00	UPCOMING	\N	\N	\N	2026-06-02 10:43:26.437	2026-06-02 10:43:26.437	\N	\N	\N	\N
56	1	wc2026-h04	乌拉圭	佛得角	\N	\N	2026-06-21 22:00:00	UPCOMING	\N	\N	\N	2026-06-02 10:43:26.439	2026-06-02 10:43:26.439	\N	\N	\N	\N
57	1	wc2026-h05	乌拉圭	西班牙	\N	\N	2026-06-27 00:00:00	UPCOMING	\N	\N	\N	2026-06-02 10:43:26.441	2026-06-02 10:43:26.441	\N	\N	\N	\N
58	1	wc2026-h06	佛得角	沙特	\N	\N	2026-06-27 00:00:00	UPCOMING	\N	\N	\N	2026-06-02 10:43:26.443	2026-06-02 10:43:26.443	\N	\N	\N	\N
59	1	wc2026-i01	法国	塞内加尔	\N	\N	2026-06-16 19:00:00	UPCOMING	\N	\N	\N	2026-06-02 10:43:26.447	2026-06-02 10:43:26.447	\N	\N	\N	\N
60	1	wc2026-i02	伊拉克	挪威	\N	\N	2026-06-16 22:00:00	UPCOMING	\N	\N	\N	2026-06-02 10:43:26.45	2026-06-02 10:43:26.45	\N	\N	\N	\N
61	1	wc2026-i03	法国	伊拉克	\N	\N	2026-06-22 21:00:00	UPCOMING	\N	\N	\N	2026-06-02 10:43:26.452	2026-06-02 10:43:26.452	\N	\N	\N	\N
62	1	wc2026-i04	挪威	塞内加尔	\N	\N	2026-06-23 00:00:00	UPCOMING	\N	\N	\N	2026-06-02 10:43:26.454	2026-06-02 10:43:26.454	\N	\N	\N	\N
63	1	wc2026-i05	挪威	法国	\N	\N	2026-06-26 19:00:00	UPCOMING	\N	\N	\N	2026-06-02 10:43:26.455	2026-06-02 10:43:26.455	\N	\N	\N	\N
64	1	wc2026-i06	塞内加尔	伊拉克	\N	\N	2026-06-26 19:00:00	UPCOMING	\N	\N	\N	2026-06-02 10:43:26.457	2026-06-02 10:43:26.457	\N	\N	\N	\N
65	1	wc2026-j01	阿根廷	阿尔及利亚	\N	\N	2026-06-17 01:00:00	UPCOMING	\N	\N	\N	2026-06-02 10:43:26.459	2026-06-02 10:43:26.459	\N	\N	\N	\N
66	1	wc2026-j02	奥地利	约旦	\N	\N	2026-06-17 04:00:00	UPCOMING	\N	\N	\N	2026-06-02 10:43:26.461	2026-06-02 10:43:26.461	\N	\N	\N	\N
67	1	wc2026-j03	阿根廷	奥地利	\N	\N	2026-06-22 17:00:00	UPCOMING	\N	\N	\N	2026-06-02 10:43:26.462	2026-06-02 10:43:26.462	\N	\N	\N	\N
68	1	wc2026-j04	约旦	阿尔及利亚	\N	\N	2026-06-23 03:00:00	UPCOMING	\N	\N	\N	2026-06-02 10:43:26.464	2026-06-02 10:43:26.464	\N	\N	\N	\N
69	1	wc2026-j05	约旦	阿根廷	\N	\N	2026-06-28 02:00:00	UPCOMING	\N	\N	\N	2026-06-02 10:43:26.466	2026-06-02 10:43:26.466	\N	\N	\N	\N
70	1	wc2026-j06	阿尔及利亚	奥地利	\N	\N	2026-06-28 02:00:00	UPCOMING	\N	\N	\N	2026-06-02 10:43:26.468	2026-06-02 10:43:26.468	\N	\N	\N	\N
71	1	wc2026-k01	葡萄牙	刚果（金）	\N	\N	2026-06-17 17:00:00	UPCOMING	\N	\N	\N	2026-06-02 10:43:26.469	2026-06-02 10:43:26.469	\N	\N	\N	\N
72	1	wc2026-k02	乌兹别克斯坦	哥伦比亚	\N	\N	2026-06-18 02:00:00	UPCOMING	\N	\N	\N	2026-06-02 10:43:26.471	2026-06-02 10:43:26.471	\N	\N	\N	\N
73	1	wc2026-k03	葡萄牙	乌兹别克斯坦	\N	\N	2026-06-23 17:00:00	UPCOMING	\N	\N	\N	2026-06-02 10:43:26.473	2026-06-02 10:43:26.473	\N	\N	\N	\N
74	1	wc2026-k04	哥伦比亚	刚果（金）	\N	\N	2026-06-24 02:00:00	UPCOMING	\N	\N	\N	2026-06-02 10:43:26.474	2026-06-02 10:43:26.474	\N	\N	\N	\N
75	1	wc2026-k05	哥伦比亚	葡萄牙	\N	\N	2026-06-27 23:30:00	UPCOMING	\N	\N	\N	2026-06-02 10:43:26.476	2026-06-02 10:43:26.476	\N	\N	\N	\N
76	1	wc2026-k06	刚果（金）	乌兹别克斯坦	\N	\N	2026-06-27 23:30:00	UPCOMING	\N	\N	\N	2026-06-02 10:43:26.477	2026-06-02 10:43:26.477	\N	\N	\N	\N
77	1	wc2026-l01	英格兰	克罗地亚	\N	\N	2026-06-17 20:00:00	UPCOMING	\N	\N	\N	2026-06-02 10:43:26.479	2026-06-02 10:43:26.479	\N	\N	\N	\N
78	1	wc2026-l02	加纳	巴拿马	\N	\N	2026-06-17 23:00:00	UPCOMING	\N	\N	\N	2026-06-02 10:43:26.481	2026-06-02 10:43:26.481	\N	\N	\N	\N
79	1	wc2026-l03	英格兰	加纳	\N	\N	2026-06-23 20:00:00	UPCOMING	\N	\N	\N	2026-06-02 10:43:26.482	2026-06-02 10:43:26.482	\N	\N	\N	\N
80	1	wc2026-l04	巴拿马	克罗地亚	\N	\N	2026-06-23 23:00:00	UPCOMING	\N	\N	\N	2026-06-02 10:43:26.484	2026-06-02 10:43:26.484	\N	\N	\N	\N
81	1	wc2026-l05	巴拿马	英格兰	\N	\N	2026-06-27 21:00:00	UPCOMING	\N	\N	\N	2026-06-02 10:43:26.486	2026-06-02 10:43:26.486	\N	\N	\N	\N
82	1	wc2026-l06	克罗地亚	加纳	\N	\N	2026-06-27 21:00:00	UPCOMING	\N	\N	\N	2026-06-02 10:43:26.487	2026-06-02 10:43:26.487	\N	\N	\N	\N
83	5002026	500-1393328	克罗地亚	比利时	\N	\N	2026-06-02 16:00:00	FINISHED	1	0	2026-06-02 12:28:07.316	2026-06-02 12:28:07.317	2026-06-02 16:46:11.692	\N	\N	0	0
84	5002026	500-1412373	格鲁吉亚	罗马尼亚	\N	\N	2026-06-02 17:00:00	FINISHED	3	3	2026-06-02 12:28:07.331	2026-06-02 12:28:07.331	2026-06-02 17:43:35.074	3	4	2	2
85	5002026	500-1411394	威尔士	加纳	\N	\N	2026-06-02 18:45:00	FINISHED	4	1	2026-06-02 12:28:07.338	2026-06-02 12:28:07.338	2026-06-03 00:53:08.394	\N	\N	1	2
\.


--
-- Data for Name: odds; Type: TABLE DATA; Schema: public; Owner: -
--

COPY public.odds (id, "matchId", "betType", "optionKey", "oddsValue", "updatedAt") FROM stdin;
1054	83	X1X	home	2.57	2026-06-02 12:28:07.325
1055	83	X1X	draw	2.85	2026-06-02 12:28:07.325
1056	83	X1X	away	2.57	2026-06-02 12:28:07.325
1057	83	HANDICAP_X1X	-1:home	5.50	2026-06-02 12:28:07.325
1058	83	HANDICAP_X1X	-1:draw	4.48	2026-06-02 12:28:07.325
1059	83	HANDICAP_X1X	-1:away	1.38	2026-06-02 12:28:07.325
1060	83	HALF_FULL	胜胜	4.30	2026-06-02 12:28:07.325
1061	83	HALF_FULL	胜平	14.00	2026-06-02 12:28:07.325
1062	83	HALF_FULL	胜负	30.00	2026-06-02 12:28:07.325
1063	83	HALF_FULL	平胜	5.40	2026-06-02 12:28:07.325
1064	83	HALF_FULL	平平	4.80	2026-06-02 12:28:07.325
1065	83	HALF_FULL	平负	5.40	2026-06-02 12:28:07.325
1066	83	HALF_FULL	负胜	30.00	2026-06-02 12:28:07.325
1067	83	HALF_FULL	负平	14.00	2026-06-02 12:28:07.325
1068	83	HALF_FULL	负负	4.30	2026-06-02 12:28:07.325
1069	83	CORRECT_SCORE	1:0	9.00	2026-06-02 12:28:07.325
1070	83	CORRECT_SCORE	2:0	14.00	2026-06-02 12:28:07.325
1071	83	CORRECT_SCORE	2:1	8.35	2026-06-02 12:28:07.325
1072	83	CORRECT_SCORE	3:0	27.00	2026-06-02 12:28:07.325
1073	83	CORRECT_SCORE	3:1	21.00	2026-06-02 12:28:07.325
1074	83	CORRECT_SCORE	3:2	26.00	2026-06-02 12:28:07.325
1075	83	CORRECT_SCORE	4:0	70.00	2026-06-02 12:28:07.325
1076	83	CORRECT_SCORE	4:1	48.00	2026-06-02 12:28:07.325
1077	83	CORRECT_SCORE	4:2	65.00	2026-06-02 12:28:07.325
1078	83	CORRECT_SCORE	5:0	200.00	2026-06-02 12:28:07.325
1079	83	CORRECT_SCORE	5:1	125.00	2026-06-02 12:28:07.325
1080	83	CORRECT_SCORE	5:2	180.00	2026-06-02 12:28:07.325
1081	83	CORRECT_SCORE	胜其它	60.00	2026-06-02 12:28:07.325
1082	83	CORRECT_SCORE	0:0	13.00	2026-06-02 12:28:07.325
1083	83	CORRECT_SCORE	1:1	5.60	2026-06-02 12:28:07.325
1084	83	CORRECT_SCORE	2:2	11.00	2026-06-02 12:28:07.325
1085	83	CORRECT_SCORE	3:3	30.00	2026-06-02 12:28:07.325
1086	83	CORRECT_SCORE	平其它	160.00	2026-06-02 12:28:07.325
1087	83	CORRECT_SCORE	0:1	9.00	2026-06-02 12:28:07.325
1088	83	CORRECT_SCORE	0:2	14.00	2026-06-02 12:28:07.325
1089	83	CORRECT_SCORE	1:2	8.35	2026-06-02 12:28:07.325
1090	83	CORRECT_SCORE	0:3	27.00	2026-06-02 12:28:07.325
1091	83	CORRECT_SCORE	1:3	21.00	2026-06-02 12:28:07.325
1092	83	CORRECT_SCORE	2:3	26.00	2026-06-02 12:28:07.325
1093	83	CORRECT_SCORE	0:4	70.00	2026-06-02 12:28:07.325
1094	83	CORRECT_SCORE	1:4	48.00	2026-06-02 12:28:07.325
1095	83	CORRECT_SCORE	2:4	65.00	2026-06-02 12:28:07.325
1096	83	CORRECT_SCORE	0:5	200.00	2026-06-02 12:28:07.325
1097	83	CORRECT_SCORE	1:5	125.00	2026-06-02 12:28:07.325
1098	83	CORRECT_SCORE	2:5	180.00	2026-06-02 12:28:07.325
1099	83	CORRECT_SCORE	负其它	60.00	2026-06-02 12:28:07.325
1100	83	TOTAL_GOALS	0球	13.00	2026-06-02 12:28:07.325
1101	83	TOTAL_GOALS	1球	4.60	2026-06-02 12:28:07.325
1102	83	TOTAL_GOALS	2球	3.80	2026-06-02 12:28:07.325
1103	83	TOTAL_GOALS	3球	3.20	2026-06-02 12:28:07.325
1104	83	TOTAL_GOALS	4球	5.55	2026-06-02 12:28:07.325
1105	83	TOTAL_GOALS	5球	9.25	2026-06-02 12:28:07.325
1106	83	TOTAL_GOALS	6球	17.00	2026-06-02 12:28:07.325
1107	83	TOTAL_GOALS	7+	27.00	2026-06-02 12:28:07.325
1108	84	X1X	home	2.07	2026-06-02 12:28:07.335
1109	84	X1X	draw	3.02	2026-06-02 12:28:07.335
1110	84	X1X	away	3.17	2026-06-02 12:28:07.335
1111	84	HANDICAP_X1X	-1:home	4.66	2026-06-02 12:28:07.335
1112	84	HANDICAP_X1X	-1:draw	3.65	2026-06-02 12:28:07.335
1113	84	HANDICAP_X1X	-1:away	1.56	2026-06-02 12:28:07.335
1114	84	HALF_FULL	胜胜	3.15	2026-06-02 12:28:07.335
1115	84	HALF_FULL	胜平	14.00	2026-06-02 12:28:07.335
1116	84	HALF_FULL	胜负	34.00	2026-06-02 12:28:07.335
1117	84	HALF_FULL	平胜	4.80	2026-06-02 12:28:07.335
1118	84	HALF_FULL	平平	5.10	2026-06-02 12:28:07.335
1119	84	HALF_FULL	平负	7.20	2026-06-02 12:28:07.335
1120	84	HALF_FULL	负胜	28.00	2026-06-02 12:28:07.335
1121	84	HALF_FULL	负平	14.00	2026-06-02 12:28:07.335
1122	84	HALF_FULL	负负	5.40	2026-06-02 12:28:07.335
1123	84	CORRECT_SCORE	1:0	7.00	2026-06-02 12:28:07.335
1124	84	CORRECT_SCORE	2:0	9.50	2026-06-02 12:28:07.335
1125	84	CORRECT_SCORE	2:1	7.00	2026-06-02 12:28:07.335
1126	84	CORRECT_SCORE	3:0	18.00	2026-06-02 12:28:07.335
1127	84	CORRECT_SCORE	3:1	17.00	2026-06-02 12:28:07.335
1128	84	CORRECT_SCORE	3:2	23.00	2026-06-02 12:28:07.335
1129	84	CORRECT_SCORE	4:0	42.00	2026-06-02 12:28:07.335
1130	84	CORRECT_SCORE	4:1	38.00	2026-06-02 12:28:07.335
1131	84	CORRECT_SCORE	4:2	60.00	2026-06-02 12:28:07.335
1132	84	CORRECT_SCORE	5:0	100.00	2026-06-02 12:28:07.335
1133	84	CORRECT_SCORE	5:1	80.00	2026-06-02 12:28:07.335
1134	84	CORRECT_SCORE	5:2	150.00	2026-06-02 12:28:07.335
1135	84	CORRECT_SCORE	胜其它	60.00	2026-06-02 12:28:07.335
1136	84	CORRECT_SCORE	0:0	11.00	2026-06-02 12:28:07.335
1137	84	CORRECT_SCORE	1:1	6.00	2026-06-02 12:28:07.335
1138	84	CORRECT_SCORE	2:2	13.50	2026-06-02 12:28:07.335
1139	84	CORRECT_SCORE	3:3	55.00	2026-06-02 12:28:07.335
1140	84	CORRECT_SCORE	平其它	250.00	2026-06-02 12:28:07.335
1141	84	CORRECT_SCORE	0:1	10.00	2026-06-02 12:28:07.335
1142	84	CORRECT_SCORE	0:2	17.00	2026-06-02 12:28:07.335
1143	84	CORRECT_SCORE	1:2	10.50	2026-06-02 12:28:07.335
1144	84	CORRECT_SCORE	0:3	40.00	2026-06-02 12:28:07.335
1145	84	CORRECT_SCORE	1:3	29.00	2026-06-02 12:28:07.335
1146	84	CORRECT_SCORE	2:3	33.00	2026-06-02 12:28:07.335
1147	84	CORRECT_SCORE	0:4	100.00	2026-06-02 12:28:07.335
1148	84	CORRECT_SCORE	1:4	80.00	2026-06-02 12:28:07.335
1149	84	CORRECT_SCORE	2:4	100.00	2026-06-02 12:28:07.335
1150	84	CORRECT_SCORE	0:5	400.00	2026-06-02 12:28:07.335
1151	84	CORRECT_SCORE	1:5	250.00	2026-06-02 12:28:07.335
1152	84	CORRECT_SCORE	2:5	300.00	2026-06-02 12:28:07.335
1153	84	CORRECT_SCORE	负其它	120.00	2026-06-02 12:28:07.335
1154	84	TOTAL_GOALS	0球	11.00	2026-06-02 12:28:07.335
1155	84	TOTAL_GOALS	1球	4.50	2026-06-02 12:28:07.335
1156	84	TOTAL_GOALS	2球	3.10	2026-06-02 12:28:07.335
1157	84	TOTAL_GOALS	3球	3.50	2026-06-02 12:28:07.335
1158	84	TOTAL_GOALS	4球	6.10	2026-06-02 12:28:07.335
1159	84	TOTAL_GOALS	5球	11.00	2026-06-02 12:28:07.335
1160	84	TOTAL_GOALS	6球	21.00	2026-06-02 12:28:07.335
1161	84	TOTAL_GOALS	7+	33.00	2026-06-02 12:28:07.335
1162	85	X1X	home	2.09	2026-06-02 12:28:07.342
1163	85	X1X	draw	2.86	2026-06-02 12:28:07.342
1164	85	X1X	away	3.32	2026-06-02 12:28:07.342
1165	85	HANDICAP_X1X	-1:home	4.65	2026-06-02 12:28:07.342
1166	85	HANDICAP_X1X	-1:draw	3.71	2026-06-02 12:28:07.342
1167	85	HANDICAP_X1X	-1:away	1.55	2026-06-02 12:28:07.342
1168	85	HALF_FULL	胜胜	3.40	2026-06-02 12:28:07.342
118	11	X1X	home	1.90	2026-06-02 10:43:26.325
119	11	X1X	draw	3.44	2026-06-02 10:43:26.325
120	11	X1X	away	3.28	2026-06-02 10:43:26.325
121	11	TOTAL_GOALS	0球	8.50	2026-06-02 10:43:26.325
122	11	TOTAL_GOALS	1球	4.53	2026-06-02 10:43:26.325
123	11	TOTAL_GOALS	2球	3.21	2026-06-02 10:43:26.325
124	11	TOTAL_GOALS	3球+	2.03	2026-06-02 10:43:26.325
125	11	CORRECT_SCORE	1:0	7.73	2026-06-02 10:43:26.325
126	11	CORRECT_SCORE	1:1	6.07	2026-06-02 10:43:26.325
127	11	CORRECT_SCORE	2:0	9.67	2026-06-02 10:43:26.325
128	11	CORRECT_SCORE	2:1	7.64	2026-06-02 10:43:26.325
129	11	CORRECT_SCORE	0:1	9.53	2026-06-02 10:43:26.325
130	11	CORRECT_SCORE	0:0	8.32	2026-06-02 10:43:26.325
131	12	X1X	home	2.67	2026-06-02 10:43:26.33
132	12	X1X	draw	3.30	2026-06-02 10:43:26.33
133	12	X1X	away	2.54	2026-06-02 10:43:26.33
134	12	TOTAL_GOALS	0球	8.84	2026-06-02 10:43:26.33
135	12	TOTAL_GOALS	1球	4.49	2026-06-02 10:43:26.33
136	12	TOTAL_GOALS	2球	3.70	2026-06-02 10:43:26.33
137	12	TOTAL_GOALS	3球+	1.93	2026-06-02 10:43:26.33
138	12	CORRECT_SCORE	1:0	6.70	2026-06-02 10:43:26.33
139	12	CORRECT_SCORE	1:1	5.78	2026-06-02 10:43:26.33
140	12	CORRECT_SCORE	2:0	9.54	2026-06-02 10:43:26.33
141	12	CORRECT_SCORE	2:1	8.55	2026-06-02 10:43:26.33
142	12	CORRECT_SCORE	0:1	7.10	2026-06-02 10:43:26.33
143	12	CORRECT_SCORE	0:0	7.11	2026-06-02 10:43:26.33
144	13	X1X	home	3.01	2026-06-02 10:43:26.335
145	13	X1X	draw	3.36	2026-06-02 10:43:26.335
146	13	X1X	away	3.23	2026-06-02 10:43:26.335
147	13	TOTAL_GOALS	0球	9.77	2026-06-02 10:43:26.335
148	13	TOTAL_GOALS	1球	4.46	2026-06-02 10:43:26.335
149	13	TOTAL_GOALS	2球	3.79	2026-06-02 10:43:26.335
150	13	TOTAL_GOALS	3球+	2.18	2026-06-02 10:43:26.335
151	13	CORRECT_SCORE	1:0	6.93	2026-06-02 10:43:26.335
152	13	CORRECT_SCORE	1:1	6.38	2026-06-02 10:43:26.335
153	13	CORRECT_SCORE	2:0	10.72	2026-06-02 10:43:26.335
154	13	CORRECT_SCORE	2:1	8.71	2026-06-02 10:43:26.335
155	13	CORRECT_SCORE	0:1	9.67	2026-06-02 10:43:26.335
156	13	CORRECT_SCORE	0:0	8.70	2026-06-02 10:43:26.335
157	14	X1X	home	2.28	2026-06-02 10:43:26.338
158	14	X1X	draw	3.16	2026-06-02 10:43:26.338
159	14	X1X	away	2.75	2026-06-02 10:43:26.338
160	14	TOTAL_GOALS	0球	8.32	2026-06-02 10:43:26.338
161	14	TOTAL_GOALS	1球	4.34	2026-06-02 10:43:26.338
162	14	TOTAL_GOALS	2球	3.71	2026-06-02 10:43:26.338
163	14	TOTAL_GOALS	3球+	1.89	2026-06-02 10:43:26.338
164	14	CORRECT_SCORE	1:0	6.87	2026-06-02 10:43:26.338
165	14	CORRECT_SCORE	1:1	5.67	2026-06-02 10:43:26.338
166	14	CORRECT_SCORE	2:0	10.25	2026-06-02 10:43:26.338
167	14	CORRECT_SCORE	2:1	7.90	2026-06-02 10:43:26.338
168	14	CORRECT_SCORE	0:1	8.87	2026-06-02 10:43:26.338
169	14	CORRECT_SCORE	0:0	8.05	2026-06-02 10:43:26.338
170	15	X1X	home	1.85	2026-06-02 10:43:26.341
171	15	X1X	draw	3.24	2026-06-02 10:43:26.341
172	15	X1X	away	3.58	2026-06-02 10:43:26.341
173	15	TOTAL_GOALS	0球	9.06	2026-06-02 10:43:26.341
174	15	TOTAL_GOALS	1球	4.12	2026-06-02 10:43:26.341
175	15	TOTAL_GOALS	2球	3.16	2026-06-02 10:43:26.341
176	15	TOTAL_GOALS	3球+	2.37	2026-06-02 10:43:26.341
177	15	CORRECT_SCORE	1:0	6.33	2026-06-02 10:43:26.341
178	15	CORRECT_SCORE	1:1	6.27	2026-06-02 10:43:26.341
179	15	CORRECT_SCORE	2:0	10.41	2026-06-02 10:43:26.341
180	15	CORRECT_SCORE	2:1	7.36	2026-06-02 10:43:26.341
181	15	CORRECT_SCORE	0:1	9.13	2026-06-02 10:43:26.341
182	15	CORRECT_SCORE	0:0	7.29	2026-06-02 10:43:26.341
183	16	X1X	home	3.27	2026-06-02 10:43:26.35
184	16	X1X	draw	3.17	2026-06-02 10:43:26.35
185	16	X1X	away	2.94	2026-06-02 10:43:26.35
186	16	TOTAL_GOALS	0球	8.10	2026-06-02 10:43:26.35
187	16	TOTAL_GOALS	1球	4.15	2026-06-02 10:43:26.35
188	16	TOTAL_GOALS	2球	3.41	2026-06-02 10:43:26.35
189	16	TOTAL_GOALS	3球+	1.88	2026-06-02 10:43:26.35
190	16	CORRECT_SCORE	1:0	6.29	2026-06-02 10:43:26.35
191	16	CORRECT_SCORE	1:1	5.74	2026-06-02 10:43:26.35
192	16	CORRECT_SCORE	2:0	9.57	2026-06-02 10:43:26.35
193	16	CORRECT_SCORE	2:1	7.07	2026-06-02 10:43:26.35
194	16	CORRECT_SCORE	0:1	9.62	2026-06-02 10:43:26.35
195	16	CORRECT_SCORE	0:0	8.30	2026-06-02 10:43:26.35
196	17	X1X	home	3.15	2026-06-02 10:43:26.353
197	17	X1X	draw	3.61	2026-06-02 10:43:26.353
198	17	X1X	away	2.23	2026-06-02 10:43:26.353
199	17	TOTAL_GOALS	0球	8.55	2026-06-02 10:43:26.353
200	17	TOTAL_GOALS	1球	4.46	2026-06-02 10:43:26.353
201	17	TOTAL_GOALS	2球	3.12	2026-06-02 10:43:26.353
202	17	TOTAL_GOALS	3球+	2.12	2026-06-02 10:43:26.353
203	17	CORRECT_SCORE	1:0	6.48	2026-06-02 10:43:26.353
204	17	CORRECT_SCORE	1:1	5.00	2026-06-02 10:43:26.353
205	17	CORRECT_SCORE	2:0	10.65	2026-06-02 10:43:26.353
206	17	CORRECT_SCORE	2:1	8.36	2026-06-02 10:43:26.353
207	17	CORRECT_SCORE	0:1	8.54	2026-06-02 10:43:26.353
208	17	CORRECT_SCORE	0:0	7.66	2026-06-02 10:43:26.353
209	18	X1X	home	3.54	2026-06-02 10:43:26.357
210	18	X1X	draw	3.37	2026-06-02 10:43:26.357
211	18	X1X	away	3.58	2026-06-02 10:43:26.357
212	18	TOTAL_GOALS	0球	8.00	2026-06-02 10:43:26.357
213	18	TOTAL_GOALS	1球	4.79	2026-06-02 10:43:26.357
214	18	TOTAL_GOALS	2球	3.36	2026-06-02 10:43:26.357
215	18	TOTAL_GOALS	3球+	2.30	2026-06-02 10:43:26.357
216	18	CORRECT_SCORE	1:0	6.53	2026-06-02 10:43:26.357
217	18	CORRECT_SCORE	1:1	6.01	2026-06-02 10:43:26.357
218	18	CORRECT_SCORE	2:0	10.40	2026-06-02 10:43:26.357
219	18	CORRECT_SCORE	2:1	7.07	2026-06-02 10:43:26.357
220	18	CORRECT_SCORE	0:1	7.29	2026-06-02 10:43:26.357
221	18	CORRECT_SCORE	0:0	8.32	2026-06-02 10:43:26.357
222	19	X1X	home	3.38	2026-06-02 10:43:26.361
223	19	X1X	draw	3.52	2026-06-02 10:43:26.361
224	19	X1X	away	2.51	2026-06-02 10:43:26.361
225	19	TOTAL_GOALS	0球	8.62	2026-06-02 10:43:26.361
226	19	TOTAL_GOALS	1球	4.32	2026-06-02 10:43:26.361
227	19	TOTAL_GOALS	2球	3.67	2026-06-02 10:43:26.361
228	19	TOTAL_GOALS	3球+	2.44	2026-06-02 10:43:26.361
229	19	CORRECT_SCORE	1:0	6.11	2026-06-02 10:43:26.361
230	19	CORRECT_SCORE	1:1	6.41	2026-06-02 10:43:26.361
231	19	CORRECT_SCORE	2:0	10.77	2026-06-02 10:43:26.361
232	19	CORRECT_SCORE	2:1	8.95	2026-06-02 10:43:26.361
233	19	CORRECT_SCORE	0:1	7.95	2026-06-02 10:43:26.361
234	19	CORRECT_SCORE	0:0	7.11	2026-06-02 10:43:26.361
235	20	X1X	home	3.43	2026-06-02 10:43:26.363
236	20	X1X	draw	3.34	2026-06-02 10:43:26.363
237	20	X1X	away	3.07	2026-06-02 10:43:26.363
238	20	TOTAL_GOALS	0球	8.90	2026-06-02 10:43:26.363
239	20	TOTAL_GOALS	1球	4.03	2026-06-02 10:43:26.363
240	20	TOTAL_GOALS	2球	3.57	2026-06-02 10:43:26.363
241	20	TOTAL_GOALS	3球+	2.50	2026-06-02 10:43:26.363
242	20	CORRECT_SCORE	1:0	6.64	2026-06-02 10:43:26.363
243	20	CORRECT_SCORE	1:1	6.09	2026-06-02 10:43:26.363
244	20	CORRECT_SCORE	2:0	8.52	2026-06-02 10:43:26.363
245	20	CORRECT_SCORE	2:1	7.52	2026-06-02 10:43:26.363
246	20	CORRECT_SCORE	0:1	7.08	2026-06-02 10:43:26.363
247	20	CORRECT_SCORE	0:0	7.15	2026-06-02 10:43:26.363
248	21	X1X	home	2.35	2026-06-02 10:43:26.366
249	21	X1X	draw	3.60	2026-06-02 10:43:26.366
250	21	X1X	away	2.22	2026-06-02 10:43:26.366
251	21	TOTAL_GOALS	0球	8.67	2026-06-02 10:43:26.366
252	21	TOTAL_GOALS	1球	4.80	2026-06-02 10:43:26.366
253	21	TOTAL_GOALS	2球	3.20	2026-06-02 10:43:26.366
254	21	TOTAL_GOALS	3球+	1.88	2026-06-02 10:43:26.366
255	21	CORRECT_SCORE	1:0	6.19	2026-06-02 10:43:26.366
256	21	CORRECT_SCORE	1:1	5.36	2026-06-02 10:43:26.366
257	21	CORRECT_SCORE	2:0	9.31	2026-06-02 10:43:26.366
258	21	CORRECT_SCORE	2:1	8.39	2026-06-02 10:43:26.366
259	21	CORRECT_SCORE	0:1	9.19	2026-06-02 10:43:26.366
260	21	CORRECT_SCORE	0:0	8.17	2026-06-02 10:43:26.366
261	22	X1X	home	3.14	2026-06-02 10:43:26.368
262	22	X1X	draw	3.56	2026-06-02 10:43:26.368
263	22	X1X	away	2.16	2026-06-02 10:43:26.368
264	22	TOTAL_GOALS	0球	9.01	2026-06-02 10:43:26.368
265	22	TOTAL_GOALS	1球	4.14	2026-06-02 10:43:26.368
266	22	TOTAL_GOALS	2球	3.09	2026-06-02 10:43:26.368
267	22	TOTAL_GOALS	3球+	2.45	2026-06-02 10:43:26.368
268	22	CORRECT_SCORE	1:0	6.64	2026-06-02 10:43:26.368
269	22	CORRECT_SCORE	1:1	5.26	2026-06-02 10:43:26.368
270	22	CORRECT_SCORE	2:0	9.15	2026-06-02 10:43:26.368
271	22	CORRECT_SCORE	2:1	8.16	2026-06-02 10:43:26.368
272	22	CORRECT_SCORE	0:1	9.44	2026-06-02 10:43:26.368
273	22	CORRECT_SCORE	0:0	8.70	2026-06-02 10:43:26.368
274	23	X1X	home	3.05	2026-06-02 10:43:26.37
275	23	X1X	draw	3.42	2026-06-02 10:43:26.37
276	23	X1X	away	2.69	2026-06-02 10:43:26.37
277	23	TOTAL_GOALS	0球	8.55	2026-06-02 10:43:26.37
278	23	TOTAL_GOALS	1球	4.54	2026-06-02 10:43:26.37
279	23	TOTAL_GOALS	2球	3.27	2026-06-02 10:43:26.37
280	23	TOTAL_GOALS	3球+	2.10	2026-06-02 10:43:26.37
281	23	CORRECT_SCORE	1:0	6.85	2026-06-02 10:43:26.37
282	23	CORRECT_SCORE	1:1	5.92	2026-06-02 10:43:26.37
283	23	CORRECT_SCORE	2:0	8.76	2026-06-02 10:43:26.37
284	23	CORRECT_SCORE	2:1	7.11	2026-06-02 10:43:26.37
285	23	CORRECT_SCORE	0:1	7.98	2026-06-02 10:43:26.37
286	23	CORRECT_SCORE	0:0	8.38	2026-06-02 10:43:26.37
287	24	X1X	home	3.35	2026-06-02 10:43:26.373
288	24	X1X	draw	3.44	2026-06-02 10:43:26.373
289	24	X1X	away	3.55	2026-06-02 10:43:26.373
290	24	TOTAL_GOALS	0球	9.75	2026-06-02 10:43:26.373
291	24	TOTAL_GOALS	1球	4.02	2026-06-02 10:43:26.373
292	24	TOTAL_GOALS	2球	3.61	2026-06-02 10:43:26.373
293	24	TOTAL_GOALS	3球+	2.17	2026-06-02 10:43:26.373
294	24	CORRECT_SCORE	1:0	7.07	2026-06-02 10:43:26.373
295	24	CORRECT_SCORE	1:1	6.43	2026-06-02 10:43:26.373
296	24	CORRECT_SCORE	2:0	9.98	2026-06-02 10:43:26.373
297	24	CORRECT_SCORE	2:1	7.24	2026-06-02 10:43:26.373
298	24	CORRECT_SCORE	0:1	8.49	2026-06-02 10:43:26.373
299	24	CORRECT_SCORE	0:0	7.38	2026-06-02 10:43:26.373
300	25	X1X	home	2.64	2026-06-02 10:43:26.375
301	25	X1X	draw	3.55	2026-06-02 10:43:26.375
302	25	X1X	away	2.85	2026-06-02 10:43:26.375
303	25	TOTAL_GOALS	0球	8.85	2026-06-02 10:43:26.375
304	25	TOTAL_GOALS	1球	4.69	2026-06-02 10:43:26.375
305	25	TOTAL_GOALS	2球	3.55	2026-06-02 10:43:26.375
306	25	TOTAL_GOALS	3球+	1.93	2026-06-02 10:43:26.375
307	25	CORRECT_SCORE	1:0	7.87	2026-06-02 10:43:26.375
308	25	CORRECT_SCORE	1:1	6.49	2026-06-02 10:43:26.375
309	25	CORRECT_SCORE	2:0	9.02	2026-06-02 10:43:26.375
310	25	CORRECT_SCORE	2:1	8.56	2026-06-02 10:43:26.375
311	25	CORRECT_SCORE	0:1	8.79	2026-06-02 10:43:26.375
312	25	CORRECT_SCORE	0:0	7.52	2026-06-02 10:43:26.375
313	26	X1X	home	2.58	2026-06-02 10:43:26.378
314	26	X1X	draw	3.58	2026-06-02 10:43:26.378
315	26	X1X	away	2.47	2026-06-02 10:43:26.378
316	26	TOTAL_GOALS	0球	9.93	2026-06-02 10:43:26.378
317	26	TOTAL_GOALS	1球	4.55	2026-06-02 10:43:26.378
318	26	TOTAL_GOALS	2球	3.30	2026-06-02 10:43:26.378
319	26	TOTAL_GOALS	3球+	2.52	2026-06-02 10:43:26.378
320	26	CORRECT_SCORE	1:0	7.24	2026-06-02 10:43:26.378
321	26	CORRECT_SCORE	1:1	6.31	2026-06-02 10:43:26.378
322	26	CORRECT_SCORE	2:0	10.02	2026-06-02 10:43:26.378
323	26	CORRECT_SCORE	2:1	7.62	2026-06-02 10:43:26.378
324	26	CORRECT_SCORE	0:1	9.55	2026-06-02 10:43:26.378
325	26	CORRECT_SCORE	0:0	8.55	2026-06-02 10:43:26.378
326	27	X1X	home	3.55	2026-06-02 10:43:26.38
327	27	X1X	draw	3.70	2026-06-02 10:43:26.38
328	27	X1X	away	3.64	2026-06-02 10:43:26.38
329	27	TOTAL_GOALS	0球	8.62	2026-06-02 10:43:26.38
330	27	TOTAL_GOALS	1球	4.07	2026-06-02 10:43:26.38
331	27	TOTAL_GOALS	2球	3.72	2026-06-02 10:43:26.38
332	27	TOTAL_GOALS	3球+	2.37	2026-06-02 10:43:26.38
333	27	CORRECT_SCORE	1:0	7.53	2026-06-02 10:43:26.38
334	27	CORRECT_SCORE	1:1	5.64	2026-06-02 10:43:26.38
335	27	CORRECT_SCORE	2:0	9.59	2026-06-02 10:43:26.38
336	27	CORRECT_SCORE	2:1	8.33	2026-06-02 10:43:26.38
337	27	CORRECT_SCORE	0:1	8.52	2026-06-02 10:43:26.38
338	27	CORRECT_SCORE	0:0	7.25	2026-06-02 10:43:26.38
339	28	X1X	home	2.10	2026-06-02 10:43:26.383
340	28	X1X	draw	3.13	2026-06-02 10:43:26.383
341	28	X1X	away	2.23	2026-06-02 10:43:26.383
342	28	TOTAL_GOALS	0球	8.13	2026-06-02 10:43:26.383
343	28	TOTAL_GOALS	1球	4.31	2026-06-02 10:43:26.383
344	28	TOTAL_GOALS	2球	3.45	2026-06-02 10:43:26.383
345	28	TOTAL_GOALS	3球+	2.33	2026-06-02 10:43:26.383
346	28	CORRECT_SCORE	1:0	7.11	2026-06-02 10:43:26.383
347	28	CORRECT_SCORE	1:1	6.44	2026-06-02 10:43:26.383
348	28	CORRECT_SCORE	2:0	10.99	2026-06-02 10:43:26.383
349	28	CORRECT_SCORE	2:1	8.47	2026-06-02 10:43:26.383
350	28	CORRECT_SCORE	0:1	9.88	2026-06-02 10:43:26.383
351	28	CORRECT_SCORE	0:0	8.68	2026-06-02 10:43:26.383
352	29	X1X	home	2.17	2026-06-02 10:43:26.385
353	29	X1X	draw	3.36	2026-06-02 10:43:26.385
354	29	X1X	away	2.34	2026-06-02 10:43:26.385
355	29	TOTAL_GOALS	0球	8.49	2026-06-02 10:43:26.385
356	29	TOTAL_GOALS	1球	4.37	2026-06-02 10:43:26.385
357	29	TOTAL_GOALS	2球	3.04	2026-06-02 10:43:26.385
358	29	TOTAL_GOALS	3球+	2.32	2026-06-02 10:43:26.385
359	29	CORRECT_SCORE	1:0	8.00	2026-06-02 10:43:26.385
360	29	CORRECT_SCORE	1:1	6.06	2026-06-02 10:43:26.385
361	29	CORRECT_SCORE	2:0	8.95	2026-06-02 10:43:26.385
362	29	CORRECT_SCORE	2:1	7.83	2026-06-02 10:43:26.385
363	29	CORRECT_SCORE	0:1	7.72	2026-06-02 10:43:26.385
364	29	CORRECT_SCORE	0:0	7.91	2026-06-02 10:43:26.385
365	30	X1X	home	2.47	2026-06-02 10:43:26.387
366	30	X1X	draw	3.31	2026-06-02 10:43:26.387
367	30	X1X	away	2.25	2026-06-02 10:43:26.387
368	30	TOTAL_GOALS	0球	9.59	2026-06-02 10:43:26.387
369	30	TOTAL_GOALS	1球	4.37	2026-06-02 10:43:26.387
370	30	TOTAL_GOALS	2球	3.24	2026-06-02 10:43:26.387
371	30	TOTAL_GOALS	3球+	1.97	2026-06-02 10:43:26.387
372	30	CORRECT_SCORE	1:0	6.16	2026-06-02 10:43:26.387
373	30	CORRECT_SCORE	1:1	5.17	2026-06-02 10:43:26.387
374	30	CORRECT_SCORE	2:0	10.96	2026-06-02 10:43:26.387
375	30	CORRECT_SCORE	2:1	7.37	2026-06-02 10:43:26.387
376	30	CORRECT_SCORE	0:1	7.73	2026-06-02 10:43:26.387
377	30	CORRECT_SCORE	0:0	8.50	2026-06-02 10:43:26.387
378	31	X1X	home	2.19	2026-06-02 10:43:26.389
379	31	X1X	draw	3.02	2026-06-02 10:43:26.389
380	31	X1X	away	2.90	2026-06-02 10:43:26.389
381	31	TOTAL_GOALS	0球	9.26	2026-06-02 10:43:26.389
382	31	TOTAL_GOALS	1球	4.66	2026-06-02 10:43:26.389
383	31	TOTAL_GOALS	2球	3.76	2026-06-02 10:43:26.389
384	31	TOTAL_GOALS	3球+	2.52	2026-06-02 10:43:26.389
385	31	CORRECT_SCORE	1:0	7.41	2026-06-02 10:43:26.389
386	31	CORRECT_SCORE	1:1	5.60	2026-06-02 10:43:26.389
387	31	CORRECT_SCORE	2:0	10.23	2026-06-02 10:43:26.389
388	31	CORRECT_SCORE	2:1	7.18	2026-06-02 10:43:26.389
389	31	CORRECT_SCORE	0:1	9.52	2026-06-02 10:43:26.389
390	31	CORRECT_SCORE	0:0	8.81	2026-06-02 10:43:26.389
391	32	X1X	home	2.27	2026-06-02 10:43:26.391
392	32	X1X	draw	3.58	2026-06-02 10:43:26.391
393	32	X1X	away	2.50	2026-06-02 10:43:26.391
394	32	TOTAL_GOALS	0球	9.44	2026-06-02 10:43:26.391
395	32	TOTAL_GOALS	1球	4.94	2026-06-02 10:43:26.391
396	32	TOTAL_GOALS	2球	3.31	2026-06-02 10:43:26.391
397	32	TOTAL_GOALS	3球+	2.46	2026-06-02 10:43:26.391
398	32	CORRECT_SCORE	1:0	6.81	2026-06-02 10:43:26.391
399	32	CORRECT_SCORE	1:1	5.83	2026-06-02 10:43:26.391
400	32	CORRECT_SCORE	2:0	8.69	2026-06-02 10:43:26.391
401	32	CORRECT_SCORE	2:1	7.71	2026-06-02 10:43:26.391
402	32	CORRECT_SCORE	0:1	7.76	2026-06-02 10:43:26.391
403	32	CORRECT_SCORE	0:0	7.17	2026-06-02 10:43:26.391
404	33	X1X	home	3.30	2026-06-02 10:43:26.393
405	33	X1X	draw	3.16	2026-06-02 10:43:26.393
406	33	X1X	away	2.87	2026-06-02 10:43:26.393
407	33	TOTAL_GOALS	0球	9.32	2026-06-02 10:43:26.393
408	33	TOTAL_GOALS	1球	4.74	2026-06-02 10:43:26.393
409	33	TOTAL_GOALS	2球	3.13	2026-06-02 10:43:26.393
410	33	TOTAL_GOALS	3球+	2.24	2026-06-02 10:43:26.393
411	33	CORRECT_SCORE	1:0	6.28	2026-06-02 10:43:26.393
412	33	CORRECT_SCORE	1:1	6.05	2026-06-02 10:43:26.393
413	33	CORRECT_SCORE	2:0	9.29	2026-06-02 10:43:26.393
414	33	CORRECT_SCORE	2:1	8.31	2026-06-02 10:43:26.393
415	33	CORRECT_SCORE	0:1	8.71	2026-06-02 10:43:26.393
416	33	CORRECT_SCORE	0:0	8.43	2026-06-02 10:43:26.393
417	34	X1X	home	3.00	2026-06-02 10:43:26.396
418	34	X1X	draw	3.36	2026-06-02 10:43:26.396
419	34	X1X	away	3.54	2026-06-02 10:43:26.396
420	34	TOTAL_GOALS	0球	8.80	2026-06-02 10:43:26.396
421	34	TOTAL_GOALS	1球	4.96	2026-06-02 10:43:26.396
422	34	TOTAL_GOALS	2球	3.00	2026-06-02 10:43:26.396
423	34	TOTAL_GOALS	3球+	1.92	2026-06-02 10:43:26.396
424	34	CORRECT_SCORE	1:0	7.84	2026-06-02 10:43:26.396
425	34	CORRECT_SCORE	1:1	6.09	2026-06-02 10:43:26.396
426	34	CORRECT_SCORE	2:0	10.78	2026-06-02 10:43:26.396
427	34	CORRECT_SCORE	2:1	8.26	2026-06-02 10:43:26.396
428	34	CORRECT_SCORE	0:1	8.38	2026-06-02 10:43:26.396
429	34	CORRECT_SCORE	0:0	8.57	2026-06-02 10:43:26.396
430	35	X1X	home	2.14	2026-06-02 10:43:26.398
431	35	X1X	draw	3.38	2026-06-02 10:43:26.398
432	35	X1X	away	2.51	2026-06-02 10:43:26.398
433	35	TOTAL_GOALS	0球	9.28	2026-06-02 10:43:26.398
434	35	TOTAL_GOALS	1球	4.96	2026-06-02 10:43:26.398
435	35	TOTAL_GOALS	2球	3.13	2026-06-02 10:43:26.398
436	35	TOTAL_GOALS	3球+	2.14	2026-06-02 10:43:26.398
437	35	CORRECT_SCORE	1:0	6.15	2026-06-02 10:43:26.398
438	35	CORRECT_SCORE	1:1	6.13	2026-06-02 10:43:26.398
439	35	CORRECT_SCORE	2:0	8.22	2026-06-02 10:43:26.398
440	35	CORRECT_SCORE	2:1	7.31	2026-06-02 10:43:26.398
441	35	CORRECT_SCORE	0:1	8.78	2026-06-02 10:43:26.398
442	35	CORRECT_SCORE	0:0	7.32	2026-06-02 10:43:26.398
443	36	X1X	home	2.11	2026-06-02 10:43:26.4
444	36	X1X	draw	3.47	2026-06-02 10:43:26.4
445	36	X1X	away	2.36	2026-06-02 10:43:26.4
446	36	TOTAL_GOALS	0球	8.14	2026-06-02 10:43:26.4
447	36	TOTAL_GOALS	1球	4.35	2026-06-02 10:43:26.4
448	36	TOTAL_GOALS	2球	3.47	2026-06-02 10:43:26.4
449	36	TOTAL_GOALS	3球+	2.38	2026-06-02 10:43:26.4
450	36	CORRECT_SCORE	1:0	7.77	2026-06-02 10:43:26.4
451	36	CORRECT_SCORE	1:1	5.72	2026-06-02 10:43:26.4
452	36	CORRECT_SCORE	2:0	9.11	2026-06-02 10:43:26.4
453	36	CORRECT_SCORE	2:1	8.25	2026-06-02 10:43:26.4
454	36	CORRECT_SCORE	0:1	8.51	2026-06-02 10:43:26.4
455	36	CORRECT_SCORE	0:0	8.09	2026-06-02 10:43:26.4
456	37	X1X	home	2.19	2026-06-02 10:43:26.402
457	37	X1X	draw	3.74	2026-06-02 10:43:26.402
458	37	X1X	away	3.50	2026-06-02 10:43:26.402
459	37	TOTAL_GOALS	0球	9.58	2026-06-02 10:43:26.402
460	37	TOTAL_GOALS	1球	4.17	2026-06-02 10:43:26.402
461	37	TOTAL_GOALS	2球	3.14	2026-06-02 10:43:26.402
462	37	TOTAL_GOALS	3球+	2.50	2026-06-02 10:43:26.402
463	37	CORRECT_SCORE	1:0	7.36	2026-06-02 10:43:26.402
464	37	CORRECT_SCORE	1:1	5.86	2026-06-02 10:43:26.402
465	37	CORRECT_SCORE	2:0	10.71	2026-06-02 10:43:26.402
466	37	CORRECT_SCORE	2:1	7.75	2026-06-02 10:43:26.402
467	37	CORRECT_SCORE	0:1	8.23	2026-06-02 10:43:26.402
468	37	CORRECT_SCORE	0:0	8.71	2026-06-02 10:43:26.402
469	38	X1X	home	2.07	2026-06-02 10:43:26.405
470	38	X1X	draw	3.09	2026-06-02 10:43:26.405
471	38	X1X	away	3.31	2026-06-02 10:43:26.405
472	38	TOTAL_GOALS	0球	9.88	2026-06-02 10:43:26.405
473	38	TOTAL_GOALS	1球	4.31	2026-06-02 10:43:26.405
474	38	TOTAL_GOALS	2球	3.19	2026-06-02 10:43:26.405
475	38	TOTAL_GOALS	3球+	2.32	2026-06-02 10:43:26.405
476	38	CORRECT_SCORE	1:0	7.96	2026-06-02 10:43:26.405
477	38	CORRECT_SCORE	1:1	5.37	2026-06-02 10:43:26.405
478	38	CORRECT_SCORE	2:0	10.20	2026-06-02 10:43:26.405
479	38	CORRECT_SCORE	2:1	7.39	2026-06-02 10:43:26.405
480	38	CORRECT_SCORE	0:1	8.93	2026-06-02 10:43:26.405
481	38	CORRECT_SCORE	0:0	8.19	2026-06-02 10:43:26.405
482	39	X1X	home	2.29	2026-06-02 10:43:26.407
483	39	X1X	draw	3.02	2026-06-02 10:43:26.407
484	39	X1X	away	2.06	2026-06-02 10:43:26.407
485	39	TOTAL_GOALS	0球	9.39	2026-06-02 10:43:26.407
486	39	TOTAL_GOALS	1球	4.94	2026-06-02 10:43:26.407
487	39	TOTAL_GOALS	2球	3.41	2026-06-02 10:43:26.407
488	39	TOTAL_GOALS	3球+	2.27	2026-06-02 10:43:26.407
489	39	CORRECT_SCORE	1:0	6.35	2026-06-02 10:43:26.407
490	39	CORRECT_SCORE	1:1	5.14	2026-06-02 10:43:26.407
491	39	CORRECT_SCORE	2:0	10.84	2026-06-02 10:43:26.407
492	39	CORRECT_SCORE	2:1	7.23	2026-06-02 10:43:26.407
493	39	CORRECT_SCORE	0:1	8.56	2026-06-02 10:43:26.407
494	39	CORRECT_SCORE	0:0	8.24	2026-06-02 10:43:26.407
495	40	X1X	home	3.05	2026-06-02 10:43:26.409
496	40	X1X	draw	3.79	2026-06-02 10:43:26.409
497	40	X1X	away	3.56	2026-06-02 10:43:26.409
498	40	TOTAL_GOALS	0球	8.58	2026-06-02 10:43:26.409
499	40	TOTAL_GOALS	1球	4.88	2026-06-02 10:43:26.409
500	40	TOTAL_GOALS	2球	3.45	2026-06-02 10:43:26.409
501	40	TOTAL_GOALS	3球+	2.04	2026-06-02 10:43:26.409
502	40	CORRECT_SCORE	1:0	7.68	2026-06-02 10:43:26.409
503	40	CORRECT_SCORE	1:1	5.25	2026-06-02 10:43:26.409
504	40	CORRECT_SCORE	2:0	8.79	2026-06-02 10:43:26.409
505	40	CORRECT_SCORE	2:1	7.55	2026-06-02 10:43:26.409
506	40	CORRECT_SCORE	0:1	9.71	2026-06-02 10:43:26.409
507	40	CORRECT_SCORE	0:0	7.64	2026-06-02 10:43:26.409
508	41	X1X	home	2.10	2026-06-02 10:43:26.411
509	41	X1X	draw	3.62	2026-06-02 10:43:26.411
510	41	X1X	away	3.13	2026-06-02 10:43:26.411
511	41	TOTAL_GOALS	0球	9.95	2026-06-02 10:43:26.411
512	41	TOTAL_GOALS	1球	4.73	2026-06-02 10:43:26.411
513	41	TOTAL_GOALS	2球	3.24	2026-06-02 10:43:26.411
514	41	TOTAL_GOALS	3球+	2.54	2026-06-02 10:43:26.411
515	41	CORRECT_SCORE	1:0	6.86	2026-06-02 10:43:26.411
516	41	CORRECT_SCORE	1:1	5.14	2026-06-02 10:43:26.411
517	41	CORRECT_SCORE	2:0	9.86	2026-06-02 10:43:26.411
518	41	CORRECT_SCORE	2:1	7.17	2026-06-02 10:43:26.411
519	41	CORRECT_SCORE	0:1	7.34	2026-06-02 10:43:26.411
520	41	CORRECT_SCORE	0:0	7.70	2026-06-02 10:43:26.411
521	42	X1X	home	2.87	2026-06-02 10:43:26.413
522	42	X1X	draw	3.42	2026-06-02 10:43:26.413
523	42	X1X	away	2.30	2026-06-02 10:43:26.413
524	42	TOTAL_GOALS	0球	9.13	2026-06-02 10:43:26.413
525	42	TOTAL_GOALS	1球	4.09	2026-06-02 10:43:26.413
526	42	TOTAL_GOALS	2球	3.70	2026-06-02 10:43:26.413
527	42	TOTAL_GOALS	3球+	1.89	2026-06-02 10:43:26.413
528	42	CORRECT_SCORE	1:0	6.19	2026-06-02 10:43:26.413
529	42	CORRECT_SCORE	1:1	6.47	2026-06-02 10:43:26.413
530	42	CORRECT_SCORE	2:0	10.53	2026-06-02 10:43:26.413
531	42	CORRECT_SCORE	2:1	8.71	2026-06-02 10:43:26.413
532	42	CORRECT_SCORE	0:1	9.43	2026-06-02 10:43:26.413
533	42	CORRECT_SCORE	0:0	8.26	2026-06-02 10:43:26.413
534	43	X1X	home	3.45	2026-06-02 10:43:26.415
535	43	X1X	draw	3.54	2026-06-02 10:43:26.415
536	43	X1X	away	2.73	2026-06-02 10:43:26.415
537	43	TOTAL_GOALS	0球	8.13	2026-06-02 10:43:26.415
538	43	TOTAL_GOALS	1球	4.51	2026-06-02 10:43:26.415
539	43	TOTAL_GOALS	2球	3.34	2026-06-02 10:43:26.415
540	43	TOTAL_GOALS	3球+	2.26	2026-06-02 10:43:26.415
541	43	CORRECT_SCORE	1:0	7.78	2026-06-02 10:43:26.415
542	43	CORRECT_SCORE	1:1	5.80	2026-06-02 10:43:26.415
543	43	CORRECT_SCORE	2:0	8.87	2026-06-02 10:43:26.415
544	43	CORRECT_SCORE	2:1	7.76	2026-06-02 10:43:26.415
545	43	CORRECT_SCORE	0:1	7.30	2026-06-02 10:43:26.415
546	43	CORRECT_SCORE	0:0	7.43	2026-06-02 10:43:26.415
547	44	X1X	home	2.60	2026-06-02 10:43:26.417
548	44	X1X	draw	3.27	2026-06-02 10:43:26.417
549	44	X1X	away	2.60	2026-06-02 10:43:26.417
550	44	TOTAL_GOALS	0球	8.94	2026-06-02 10:43:26.417
551	44	TOTAL_GOALS	1球	4.72	2026-06-02 10:43:26.417
552	44	TOTAL_GOALS	2球	3.23	2026-06-02 10:43:26.417
553	44	TOTAL_GOALS	3球+	2.45	2026-06-02 10:43:26.417
554	44	CORRECT_SCORE	1:0	7.85	2026-06-02 10:43:26.417
555	44	CORRECT_SCORE	1:1	6.06	2026-06-02 10:43:26.417
556	44	CORRECT_SCORE	2:0	9.86	2026-06-02 10:43:26.417
557	44	CORRECT_SCORE	2:1	8.68	2026-06-02 10:43:26.417
558	44	CORRECT_SCORE	0:1	8.58	2026-06-02 10:43:26.417
559	44	CORRECT_SCORE	0:0	7.63	2026-06-02 10:43:26.417
560	45	X1X	home	2.61	2026-06-02 10:43:26.419
561	45	X1X	draw	3.05	2026-06-02 10:43:26.419
562	45	X1X	away	2.59	2026-06-02 10:43:26.419
563	45	TOTAL_GOALS	0球	8.06	2026-06-02 10:43:26.419
564	45	TOTAL_GOALS	1球	4.64	2026-06-02 10:43:26.419
565	45	TOTAL_GOALS	2球	3.10	2026-06-02 10:43:26.419
566	45	TOTAL_GOALS	3球+	1.82	2026-06-02 10:43:26.419
567	45	CORRECT_SCORE	1:0	7.60	2026-06-02 10:43:26.419
568	45	CORRECT_SCORE	1:1	5.37	2026-06-02 10:43:26.419
569	45	CORRECT_SCORE	2:0	8.68	2026-06-02 10:43:26.419
570	45	CORRECT_SCORE	2:1	8.10	2026-06-02 10:43:26.419
571	45	CORRECT_SCORE	0:1	8.90	2026-06-02 10:43:26.419
572	45	CORRECT_SCORE	0:0	8.86	2026-06-02 10:43:26.419
573	46	X1X	home	2.15	2026-06-02 10:43:26.421
574	46	X1X	draw	3.17	2026-06-02 10:43:26.421
575	46	X1X	away	3.34	2026-06-02 10:43:26.421
576	46	TOTAL_GOALS	0球	8.10	2026-06-02 10:43:26.421
577	46	TOTAL_GOALS	1球	4.30	2026-06-02 10:43:26.421
578	46	TOTAL_GOALS	2球	3.20	2026-06-02 10:43:26.421
579	46	TOTAL_GOALS	3球+	1.83	2026-06-02 10:43:26.421
580	46	CORRECT_SCORE	1:0	7.20	2026-06-02 10:43:26.421
581	46	CORRECT_SCORE	1:1	5.46	2026-06-02 10:43:26.421
582	46	CORRECT_SCORE	2:0	10.68	2026-06-02 10:43:26.421
583	46	CORRECT_SCORE	2:1	7.42	2026-06-02 10:43:26.421
584	46	CORRECT_SCORE	0:1	9.11	2026-06-02 10:43:26.421
585	46	CORRECT_SCORE	0:0	8.26	2026-06-02 10:43:26.421
586	47	X1X	home	3.40	2026-06-02 10:43:26.423
587	47	X1X	draw	3.79	2026-06-02 10:43:26.423
588	47	X1X	away	2.49	2026-06-02 10:43:26.423
589	47	TOTAL_GOALS	0球	8.34	2026-06-02 10:43:26.423
590	47	TOTAL_GOALS	1球	4.62	2026-06-02 10:43:26.423
591	47	TOTAL_GOALS	2球	3.56	2026-06-02 10:43:26.423
592	47	TOTAL_GOALS	3球+	2.22	2026-06-02 10:43:26.423
593	47	CORRECT_SCORE	1:0	6.29	2026-06-02 10:43:26.423
594	47	CORRECT_SCORE	1:1	5.62	2026-06-02 10:43:26.423
595	47	CORRECT_SCORE	2:0	8.85	2026-06-02 10:43:26.423
596	47	CORRECT_SCORE	2:1	8.78	2026-06-02 10:43:26.423
597	47	CORRECT_SCORE	0:1	7.48	2026-06-02 10:43:26.423
598	47	CORRECT_SCORE	0:0	7.88	2026-06-02 10:43:26.423
599	48	X1X	home	3.41	2026-06-02 10:43:26.425
600	48	X1X	draw	3.44	2026-06-02 10:43:26.425
601	48	X1X	away	2.33	2026-06-02 10:43:26.425
602	48	TOTAL_GOALS	0球	8.98	2026-06-02 10:43:26.425
603	48	TOTAL_GOALS	1球	4.12	2026-06-02 10:43:26.425
604	48	TOTAL_GOALS	2球	3.32	2026-06-02 10:43:26.425
605	48	TOTAL_GOALS	3球+	1.98	2026-06-02 10:43:26.425
606	48	CORRECT_SCORE	1:0	7.59	2026-06-02 10:43:26.425
607	48	CORRECT_SCORE	1:1	5.58	2026-06-02 10:43:26.425
608	48	CORRECT_SCORE	2:0	9.14	2026-06-02 10:43:26.425
609	48	CORRECT_SCORE	2:1	8.43	2026-06-02 10:43:26.425
610	48	CORRECT_SCORE	0:1	8.31	2026-06-02 10:43:26.425
611	48	CORRECT_SCORE	0:0	7.36	2026-06-02 10:43:26.425
612	49	X1X	home	2.83	2026-06-02 10:43:26.427
613	49	X1X	draw	3.03	2026-06-02 10:43:26.427
614	49	X1X	away	2.82	2026-06-02 10:43:26.427
615	49	TOTAL_GOALS	0球	9.00	2026-06-02 10:43:26.427
616	49	TOTAL_GOALS	1球	4.34	2026-06-02 10:43:26.427
617	49	TOTAL_GOALS	2球	3.66	2026-06-02 10:43:26.427
618	49	TOTAL_GOALS	3球+	2.40	2026-06-02 10:43:26.427
619	49	CORRECT_SCORE	1:0	6.82	2026-06-02 10:43:26.427
620	49	CORRECT_SCORE	1:1	5.88	2026-06-02 10:43:26.427
621	49	CORRECT_SCORE	2:0	9.51	2026-06-02 10:43:26.427
622	49	CORRECT_SCORE	2:1	7.31	2026-06-02 10:43:26.427
623	49	CORRECT_SCORE	0:1	7.19	2026-06-02 10:43:26.427
624	49	CORRECT_SCORE	0:0	8.07	2026-06-02 10:43:26.427
625	50	X1X	home	3.14	2026-06-02 10:43:26.429
626	50	X1X	draw	3.57	2026-06-02 10:43:26.429
627	50	X1X	away	2.95	2026-06-02 10:43:26.429
628	50	TOTAL_GOALS	0球	8.54	2026-06-02 10:43:26.429
629	50	TOTAL_GOALS	1球	4.50	2026-06-02 10:43:26.429
630	50	TOTAL_GOALS	2球	3.51	2026-06-02 10:43:26.429
631	50	TOTAL_GOALS	3球+	2.45	2026-06-02 10:43:26.429
632	50	CORRECT_SCORE	1:0	6.91	2026-06-02 10:43:26.429
633	50	CORRECT_SCORE	1:1	5.51	2026-06-02 10:43:26.429
634	50	CORRECT_SCORE	2:0	10.82	2026-06-02 10:43:26.429
635	50	CORRECT_SCORE	2:1	7.01	2026-06-02 10:43:26.429
636	50	CORRECT_SCORE	0:1	9.90	2026-06-02 10:43:26.429
637	50	CORRECT_SCORE	0:0	7.32	2026-06-02 10:43:26.429
638	51	X1X	home	3.32	2026-06-02 10:43:26.43
639	51	X1X	draw	3.30	2026-06-02 10:43:26.43
640	51	X1X	away	2.05	2026-06-02 10:43:26.43
641	51	TOTAL_GOALS	0球	9.99	2026-06-02 10:43:26.43
642	51	TOTAL_GOALS	1球	4.91	2026-06-02 10:43:26.43
643	51	TOTAL_GOALS	2球	3.14	2026-06-02 10:43:26.43
644	51	TOTAL_GOALS	3球+	2.23	2026-06-02 10:43:26.43
645	51	CORRECT_SCORE	1:0	7.41	2026-06-02 10:43:26.43
646	51	CORRECT_SCORE	1:1	6.00	2026-06-02 10:43:26.43
647	51	CORRECT_SCORE	2:0	9.21	2026-06-02 10:43:26.43
648	51	CORRECT_SCORE	2:1	8.51	2026-06-02 10:43:26.43
649	51	CORRECT_SCORE	0:1	7.60	2026-06-02 10:43:26.43
650	51	CORRECT_SCORE	0:0	7.85	2026-06-02 10:43:26.43
651	52	X1X	home	2.84	2026-06-02 10:43:26.433
652	52	X1X	draw	3.54	2026-06-02 10:43:26.433
653	52	X1X	away	2.50	2026-06-02 10:43:26.433
654	52	TOTAL_GOALS	0球	9.30	2026-06-02 10:43:26.433
655	52	TOTAL_GOALS	1球	4.59	2026-06-02 10:43:26.433
656	52	TOTAL_GOALS	2球	3.71	2026-06-02 10:43:26.433
657	52	TOTAL_GOALS	3球+	2.36	2026-06-02 10:43:26.433
658	52	CORRECT_SCORE	1:0	7.13	2026-06-02 10:43:26.433
659	52	CORRECT_SCORE	1:1	5.99	2026-06-02 10:43:26.433
660	52	CORRECT_SCORE	2:0	9.07	2026-06-02 10:43:26.433
661	52	CORRECT_SCORE	2:1	7.41	2026-06-02 10:43:26.433
662	52	CORRECT_SCORE	0:1	8.62	2026-06-02 10:43:26.433
663	52	CORRECT_SCORE	0:0	8.97	2026-06-02 10:43:26.433
664	53	X1X	home	3.20	2026-06-02 10:43:26.434
665	53	X1X	draw	3.77	2026-06-02 10:43:26.434
666	53	X1X	away	2.36	2026-06-02 10:43:26.434
667	53	TOTAL_GOALS	0球	8.55	2026-06-02 10:43:26.434
668	53	TOTAL_GOALS	1球	4.83	2026-06-02 10:43:26.434
669	53	TOTAL_GOALS	2球	3.42	2026-06-02 10:43:26.434
670	53	TOTAL_GOALS	3球+	2.12	2026-06-02 10:43:26.434
671	53	CORRECT_SCORE	1:0	7.71	2026-06-02 10:43:26.434
672	53	CORRECT_SCORE	1:1	5.25	2026-06-02 10:43:26.434
673	53	CORRECT_SCORE	2:0	8.96	2026-06-02 10:43:26.434
674	53	CORRECT_SCORE	2:1	7.77	2026-06-02 10:43:26.434
675	53	CORRECT_SCORE	0:1	9.63	2026-06-02 10:43:26.434
676	53	CORRECT_SCORE	0:0	8.48	2026-06-02 10:43:26.434
677	54	X1X	home	2.22	2026-06-02 10:43:26.436
678	54	X1X	draw	3.29	2026-06-02 10:43:26.436
679	54	X1X	away	2.17	2026-06-02 10:43:26.436
680	54	TOTAL_GOALS	0球	9.48	2026-06-02 10:43:26.436
681	54	TOTAL_GOALS	1球	4.61	2026-06-02 10:43:26.436
682	54	TOTAL_GOALS	2球	3.45	2026-06-02 10:43:26.436
683	54	TOTAL_GOALS	3球+	2.03	2026-06-02 10:43:26.436
684	54	CORRECT_SCORE	1:0	6.58	2026-06-02 10:43:26.436
685	54	CORRECT_SCORE	1:1	5.12	2026-06-02 10:43:26.436
686	54	CORRECT_SCORE	2:0	8.24	2026-06-02 10:43:26.436
687	54	CORRECT_SCORE	2:1	7.82	2026-06-02 10:43:26.436
688	54	CORRECT_SCORE	0:1	8.82	2026-06-02 10:43:26.436
689	54	CORRECT_SCORE	0:0	8.22	2026-06-02 10:43:26.436
690	55	X1X	home	2.55	2026-06-02 10:43:26.438
691	55	X1X	draw	3.69	2026-06-02 10:43:26.438
692	55	X1X	away	3.39	2026-06-02 10:43:26.438
693	55	TOTAL_GOALS	0球	9.12	2026-06-02 10:43:26.438
694	55	TOTAL_GOALS	1球	4.34	2026-06-02 10:43:26.438
695	55	TOTAL_GOALS	2球	3.40	2026-06-02 10:43:26.438
696	55	TOTAL_GOALS	3球+	2.26	2026-06-02 10:43:26.438
697	55	CORRECT_SCORE	1:0	7.02	2026-06-02 10:43:26.438
698	55	CORRECT_SCORE	1:1	5.38	2026-06-02 10:43:26.438
699	55	CORRECT_SCORE	2:0	9.25	2026-06-02 10:43:26.438
700	55	CORRECT_SCORE	2:1	8.54	2026-06-02 10:43:26.438
701	55	CORRECT_SCORE	0:1	7.94	2026-06-02 10:43:26.438
702	55	CORRECT_SCORE	0:0	7.95	2026-06-02 10:43:26.438
703	56	X1X	home	2.10	2026-06-02 10:43:26.44
704	56	X1X	draw	3.64	2026-06-02 10:43:26.44
705	56	X1X	away	3.24	2026-06-02 10:43:26.44
706	56	TOTAL_GOALS	0球	9.70	2026-06-02 10:43:26.44
707	56	TOTAL_GOALS	1球	4.23	2026-06-02 10:43:26.44
708	56	TOTAL_GOALS	2球	3.26	2026-06-02 10:43:26.44
709	56	TOTAL_GOALS	3球+	2.28	2026-06-02 10:43:26.44
710	56	CORRECT_SCORE	1:0	6.45	2026-06-02 10:43:26.44
711	56	CORRECT_SCORE	1:1	6.14	2026-06-02 10:43:26.44
712	56	CORRECT_SCORE	2:0	8.53	2026-06-02 10:43:26.44
713	56	CORRECT_SCORE	2:1	8.84	2026-06-02 10:43:26.44
714	56	CORRECT_SCORE	0:1	9.33	2026-06-02 10:43:26.44
715	56	CORRECT_SCORE	0:0	8.46	2026-06-02 10:43:26.44
716	57	X1X	home	2.86	2026-06-02 10:43:26.442
717	57	X1X	draw	3.63	2026-06-02 10:43:26.442
718	57	X1X	away	2.57	2026-06-02 10:43:26.442
719	57	TOTAL_GOALS	0球	9.84	2026-06-02 10:43:26.442
720	57	TOTAL_GOALS	1球	4.60	2026-06-02 10:43:26.442
721	57	TOTAL_GOALS	2球	3.05	2026-06-02 10:43:26.442
722	57	TOTAL_GOALS	3球+	2.10	2026-06-02 10:43:26.442
723	57	CORRECT_SCORE	1:0	7.24	2026-06-02 10:43:26.442
724	57	CORRECT_SCORE	1:1	5.17	2026-06-02 10:43:26.442
725	57	CORRECT_SCORE	2:0	9.20	2026-06-02 10:43:26.442
726	57	CORRECT_SCORE	2:1	7.78	2026-06-02 10:43:26.442
727	57	CORRECT_SCORE	0:1	8.20	2026-06-02 10:43:26.442
728	57	CORRECT_SCORE	0:0	7.97	2026-06-02 10:43:26.442
729	58	X1X	home	2.20	2026-06-02 10:43:26.444
730	58	X1X	draw	3.46	2026-06-02 10:43:26.444
731	58	X1X	away	2.58	2026-06-02 10:43:26.444
732	58	TOTAL_GOALS	0球	9.35	2026-06-02 10:43:26.444
733	58	TOTAL_GOALS	1球	4.55	2026-06-02 10:43:26.444
734	58	TOTAL_GOALS	2球	3.71	2026-06-02 10:43:26.444
735	58	TOTAL_GOALS	3球+	2.45	2026-06-02 10:43:26.444
736	58	CORRECT_SCORE	1:0	7.57	2026-06-02 10:43:26.444
737	58	CORRECT_SCORE	1:1	5.24	2026-06-02 10:43:26.444
738	58	CORRECT_SCORE	2:0	9.56	2026-06-02 10:43:26.444
739	58	CORRECT_SCORE	2:1	8.04	2026-06-02 10:43:26.444
740	58	CORRECT_SCORE	0:1	9.41	2026-06-02 10:43:26.444
741	58	CORRECT_SCORE	0:0	8.02	2026-06-02 10:43:26.444
742	59	X1X	home	2.87	2026-06-02 10:43:26.449
743	59	X1X	draw	3.03	2026-06-02 10:43:26.449
744	59	X1X	away	3.26	2026-06-02 10:43:26.449
745	59	TOTAL_GOALS	0球	9.88	2026-06-02 10:43:26.449
746	59	TOTAL_GOALS	1球	4.30	2026-06-02 10:43:26.449
747	59	TOTAL_GOALS	2球	3.23	2026-06-02 10:43:26.449
748	59	TOTAL_GOALS	3球+	1.99	2026-06-02 10:43:26.449
749	59	CORRECT_SCORE	1:0	6.04	2026-06-02 10:43:26.449
750	59	CORRECT_SCORE	1:1	5.95	2026-06-02 10:43:26.449
751	59	CORRECT_SCORE	2:0	9.71	2026-06-02 10:43:26.449
752	59	CORRECT_SCORE	2:1	8.12	2026-06-02 10:43:26.449
753	59	CORRECT_SCORE	0:1	9.63	2026-06-02 10:43:26.449
754	59	CORRECT_SCORE	0:0	8.45	2026-06-02 10:43:26.449
755	60	X1X	home	2.11	2026-06-02 10:43:26.451
756	60	X1X	draw	3.08	2026-06-02 10:43:26.451
757	60	X1X	away	2.20	2026-06-02 10:43:26.451
758	60	TOTAL_GOALS	0球	9.71	2026-06-02 10:43:26.451
759	60	TOTAL_GOALS	1球	4.21	2026-06-02 10:43:26.451
760	60	TOTAL_GOALS	2球	3.49	2026-06-02 10:43:26.451
761	60	TOTAL_GOALS	3球+	2.22	2026-06-02 10:43:26.451
762	60	CORRECT_SCORE	1:0	6.26	2026-06-02 10:43:26.451
763	60	CORRECT_SCORE	1:1	5.40	2026-06-02 10:43:26.451
764	60	CORRECT_SCORE	2:0	8.19	2026-06-02 10:43:26.451
765	60	CORRECT_SCORE	2:1	8.18	2026-06-02 10:43:26.451
766	60	CORRECT_SCORE	0:1	7.63	2026-06-02 10:43:26.451
767	60	CORRECT_SCORE	0:0	8.24	2026-06-02 10:43:26.451
768	61	X1X	home	2.67	2026-06-02 10:43:26.453
769	61	X1X	draw	3.02	2026-06-02 10:43:26.453
770	61	X1X	away	3.38	2026-06-02 10:43:26.453
771	61	TOTAL_GOALS	0球	9.46	2026-06-02 10:43:26.453
772	61	TOTAL_GOALS	1球	4.71	2026-06-02 10:43:26.453
773	61	TOTAL_GOALS	2球	3.30	2026-06-02 10:43:26.453
774	61	TOTAL_GOALS	3球+	2.45	2026-06-02 10:43:26.453
775	61	CORRECT_SCORE	1:0	7.32	2026-06-02 10:43:26.453
776	61	CORRECT_SCORE	1:1	5.66	2026-06-02 10:43:26.453
777	61	CORRECT_SCORE	2:0	10.50	2026-06-02 10:43:26.453
778	61	CORRECT_SCORE	2:1	7.87	2026-06-02 10:43:26.453
779	61	CORRECT_SCORE	0:1	9.64	2026-06-02 10:43:26.453
780	61	CORRECT_SCORE	0:0	7.91	2026-06-02 10:43:26.453
781	62	X1X	home	2.08	2026-06-02 10:43:26.455
782	62	X1X	draw	3.39	2026-06-02 10:43:26.455
783	62	X1X	away	3.63	2026-06-02 10:43:26.455
784	62	TOTAL_GOALS	0球	9.14	2026-06-02 10:43:26.455
785	62	TOTAL_GOALS	1球	4.59	2026-06-02 10:43:26.455
786	62	TOTAL_GOALS	2球	3.65	2026-06-02 10:43:26.455
787	62	TOTAL_GOALS	3球+	2.27	2026-06-02 10:43:26.455
788	62	CORRECT_SCORE	1:0	7.01	2026-06-02 10:43:26.455
789	62	CORRECT_SCORE	1:1	5.68	2026-06-02 10:43:26.455
790	62	CORRECT_SCORE	2:0	8.54	2026-06-02 10:43:26.455
791	62	CORRECT_SCORE	2:1	8.01	2026-06-02 10:43:26.455
792	62	CORRECT_SCORE	0:1	8.16	2026-06-02 10:43:26.455
793	62	CORRECT_SCORE	0:0	8.85	2026-06-02 10:43:26.455
794	63	X1X	home	2.67	2026-06-02 10:43:26.456
795	63	X1X	draw	3.46	2026-06-02 10:43:26.456
796	63	X1X	away	2.80	2026-06-02 10:43:26.456
797	63	TOTAL_GOALS	0球	9.15	2026-06-02 10:43:26.456
798	63	TOTAL_GOALS	1球	4.22	2026-06-02 10:43:26.456
799	63	TOTAL_GOALS	2球	3.26	2026-06-02 10:43:26.456
800	63	TOTAL_GOALS	3球+	2.10	2026-06-02 10:43:26.456
801	63	CORRECT_SCORE	1:0	6.36	2026-06-02 10:43:26.456
802	63	CORRECT_SCORE	1:1	5.39	2026-06-02 10:43:26.456
803	63	CORRECT_SCORE	2:0	10.76	2026-06-02 10:43:26.456
804	63	CORRECT_SCORE	2:1	8.32	2026-06-02 10:43:26.456
805	63	CORRECT_SCORE	0:1	7.85	2026-06-02 10:43:26.456
806	63	CORRECT_SCORE	0:0	8.99	2026-06-02 10:43:26.456
807	64	X1X	home	1.88	2026-06-02 10:43:26.458
808	64	X1X	draw	3.24	2026-06-02 10:43:26.458
809	64	X1X	away	3.77	2026-06-02 10:43:26.458
810	64	TOTAL_GOALS	0球	9.20	2026-06-02 10:43:26.458
811	64	TOTAL_GOALS	1球	4.58	2026-06-02 10:43:26.458
812	64	TOTAL_GOALS	2球	3.49	2026-06-02 10:43:26.458
813	64	TOTAL_GOALS	3球+	2.49	2026-06-02 10:43:26.458
814	64	CORRECT_SCORE	1:0	6.57	2026-06-02 10:43:26.458
815	64	CORRECT_SCORE	1:1	6.18	2026-06-02 10:43:26.458
816	64	CORRECT_SCORE	2:0	10.94	2026-06-02 10:43:26.458
817	64	CORRECT_SCORE	2:1	8.73	2026-06-02 10:43:26.458
818	64	CORRECT_SCORE	0:1	8.78	2026-06-02 10:43:26.458
819	64	CORRECT_SCORE	0:0	8.45	2026-06-02 10:43:26.458
820	65	X1X	home	2.72	2026-06-02 10:43:26.46
821	65	X1X	draw	3.52	2026-06-02 10:43:26.46
822	65	X1X	away	2.07	2026-06-02 10:43:26.46
823	65	TOTAL_GOALS	0球	9.11	2026-06-02 10:43:26.46
824	65	TOTAL_GOALS	1球	4.23	2026-06-02 10:43:26.46
825	65	TOTAL_GOALS	2球	3.73	2026-06-02 10:43:26.46
826	65	TOTAL_GOALS	3球+	2.15	2026-06-02 10:43:26.46
827	65	CORRECT_SCORE	1:0	7.45	2026-06-02 10:43:26.46
828	65	CORRECT_SCORE	1:1	5.32	2026-06-02 10:43:26.46
829	65	CORRECT_SCORE	2:0	8.84	2026-06-02 10:43:26.46
830	65	CORRECT_SCORE	2:1	7.54	2026-06-02 10:43:26.46
831	65	CORRECT_SCORE	0:1	8.56	2026-06-02 10:43:26.46
832	65	CORRECT_SCORE	0:0	7.90	2026-06-02 10:43:26.46
833	66	X1X	home	2.30	2026-06-02 10:43:26.462
834	66	X1X	draw	3.45	2026-06-02 10:43:26.462
835	66	X1X	away	2.56	2026-06-02 10:43:26.462
836	66	TOTAL_GOALS	0球	9.08	2026-06-02 10:43:26.462
837	66	TOTAL_GOALS	1球	4.37	2026-06-02 10:43:26.462
838	66	TOTAL_GOALS	2球	3.69	2026-06-02 10:43:26.462
839	66	TOTAL_GOALS	3球+	2.27	2026-06-02 10:43:26.462
840	66	CORRECT_SCORE	1:0	7.18	2026-06-02 10:43:26.462
841	66	CORRECT_SCORE	1:1	6.02	2026-06-02 10:43:26.462
842	66	CORRECT_SCORE	2:0	10.46	2026-06-02 10:43:26.462
843	66	CORRECT_SCORE	2:1	9.00	2026-06-02 10:43:26.462
844	66	CORRECT_SCORE	0:1	8.76	2026-06-02 10:43:26.462
845	66	CORRECT_SCORE	0:0	8.02	2026-06-02 10:43:26.462
846	67	X1X	home	2.28	2026-06-02 10:43:26.463
847	67	X1X	draw	3.34	2026-06-02 10:43:26.463
848	67	X1X	away	2.05	2026-06-02 10:43:26.463
849	67	TOTAL_GOALS	0球	9.74	2026-06-02 10:43:26.463
850	67	TOTAL_GOALS	1球	4.28	2026-06-02 10:43:26.463
851	67	TOTAL_GOALS	2球	3.08	2026-06-02 10:43:26.463
852	67	TOTAL_GOALS	3球+	2.38	2026-06-02 10:43:26.463
853	67	CORRECT_SCORE	1:0	7.12	2026-06-02 10:43:26.463
854	67	CORRECT_SCORE	1:1	5.67	2026-06-02 10:43:26.463
855	67	CORRECT_SCORE	2:0	8.21	2026-06-02 10:43:26.463
856	67	CORRECT_SCORE	2:1	8.47	2026-06-02 10:43:26.463
857	67	CORRECT_SCORE	0:1	9.30	2026-06-02 10:43:26.463
858	67	CORRECT_SCORE	0:0	7.28	2026-06-02 10:43:26.463
859	68	X1X	home	3.33	2026-06-02 10:43:26.465
860	68	X1X	draw	3.09	2026-06-02 10:43:26.465
861	68	X1X	away	3.26	2026-06-02 10:43:26.465
862	68	TOTAL_GOALS	0球	8.07	2026-06-02 10:43:26.465
863	68	TOTAL_GOALS	1球	4.69	2026-06-02 10:43:26.465
864	68	TOTAL_GOALS	2球	3.27	2026-06-02 10:43:26.465
865	68	TOTAL_GOALS	3球+	2.01	2026-06-02 10:43:26.465
866	68	CORRECT_SCORE	1:0	6.98	2026-06-02 10:43:26.465
867	68	CORRECT_SCORE	1:1	5.54	2026-06-02 10:43:26.465
868	68	CORRECT_SCORE	2:0	10.73	2026-06-02 10:43:26.465
869	68	CORRECT_SCORE	2:1	8.81	2026-06-02 10:43:26.465
870	68	CORRECT_SCORE	0:1	9.07	2026-06-02 10:43:26.465
871	68	CORRECT_SCORE	0:0	8.62	2026-06-02 10:43:26.465
872	69	X1X	home	2.75	2026-06-02 10:43:26.467
873	69	X1X	draw	3.10	2026-06-02 10:43:26.467
874	69	X1X	away	3.57	2026-06-02 10:43:26.467
875	69	TOTAL_GOALS	0球	9.82	2026-06-02 10:43:26.467
876	69	TOTAL_GOALS	1球	4.01	2026-06-02 10:43:26.467
877	69	TOTAL_GOALS	2球	3.45	2026-06-02 10:43:26.467
878	69	TOTAL_GOALS	3球+	2.35	2026-06-02 10:43:26.467
879	69	CORRECT_SCORE	1:0	7.92	2026-06-02 10:43:26.467
880	69	CORRECT_SCORE	1:1	5.86	2026-06-02 10:43:26.467
881	69	CORRECT_SCORE	2:0	9.87	2026-06-02 10:43:26.467
882	69	CORRECT_SCORE	2:1	8.69	2026-06-02 10:43:26.467
883	69	CORRECT_SCORE	0:1	9.81	2026-06-02 10:43:26.467
884	69	CORRECT_SCORE	0:0	7.55	2026-06-02 10:43:26.467
885	70	X1X	home	1.98	2026-06-02 10:43:26.468
886	70	X1X	draw	3.55	2026-06-02 10:43:26.468
887	70	X1X	away	2.25	2026-06-02 10:43:26.468
888	70	TOTAL_GOALS	0球	8.68	2026-06-02 10:43:26.468
889	70	TOTAL_GOALS	1球	4.72	2026-06-02 10:43:26.468
890	70	TOTAL_GOALS	2球	3.14	2026-06-02 10:43:26.468
891	70	TOTAL_GOALS	3球+	2.49	2026-06-02 10:43:26.468
892	70	CORRECT_SCORE	1:0	7.93	2026-06-02 10:43:26.468
893	70	CORRECT_SCORE	1:1	5.58	2026-06-02 10:43:26.468
894	70	CORRECT_SCORE	2:0	10.84	2026-06-02 10:43:26.468
895	70	CORRECT_SCORE	2:1	7.09	2026-06-02 10:43:26.468
896	70	CORRECT_SCORE	0:1	7.63	2026-06-02 10:43:26.468
897	70	CORRECT_SCORE	0:0	8.34	2026-06-02 10:43:26.468
898	71	X1X	home	2.07	2026-06-02 10:43:26.47
899	71	X1X	draw	3.09	2026-06-02 10:43:26.47
900	71	X1X	away	2.73	2026-06-02 10:43:26.47
901	71	TOTAL_GOALS	0球	9.83	2026-06-02 10:43:26.47
902	71	TOTAL_GOALS	1球	4.82	2026-06-02 10:43:26.47
903	71	TOTAL_GOALS	2球	3.62	2026-06-02 10:43:26.47
904	71	TOTAL_GOALS	3球+	2.12	2026-06-02 10:43:26.47
905	71	CORRECT_SCORE	1:0	6.25	2026-06-02 10:43:26.47
906	71	CORRECT_SCORE	1:1	6.42	2026-06-02 10:43:26.47
907	71	CORRECT_SCORE	2:0	10.27	2026-06-02 10:43:26.47
908	71	CORRECT_SCORE	2:1	7.65	2026-06-02 10:43:26.47
909	71	CORRECT_SCORE	0:1	9.56	2026-06-02 10:43:26.47
910	71	CORRECT_SCORE	0:0	7.55	2026-06-02 10:43:26.47
911	72	X1X	home	3.08	2026-06-02 10:43:26.472
912	72	X1X	draw	3.43	2026-06-02 10:43:26.472
913	72	X1X	away	2.97	2026-06-02 10:43:26.472
914	72	TOTAL_GOALS	0球	9.29	2026-06-02 10:43:26.472
915	72	TOTAL_GOALS	1球	4.65	2026-06-02 10:43:26.472
916	72	TOTAL_GOALS	2球	3.45	2026-06-02 10:43:26.472
917	72	TOTAL_GOALS	3球+	2.24	2026-06-02 10:43:26.472
918	72	CORRECT_SCORE	1:0	7.09	2026-06-02 10:43:26.472
919	72	CORRECT_SCORE	1:1	5.12	2026-06-02 10:43:26.472
920	72	CORRECT_SCORE	2:0	8.38	2026-06-02 10:43:26.472
921	72	CORRECT_SCORE	2:1	7.76	2026-06-02 10:43:26.472
922	72	CORRECT_SCORE	0:1	7.14	2026-06-02 10:43:26.472
923	72	CORRECT_SCORE	0:0	8.76	2026-06-02 10:43:26.472
924	73	X1X	home	3.21	2026-06-02 10:43:26.473
925	73	X1X	draw	3.79	2026-06-02 10:43:26.473
926	73	X1X	away	2.38	2026-06-02 10:43:26.473
927	73	TOTAL_GOALS	0球	8.52	2026-06-02 10:43:26.473
928	73	TOTAL_GOALS	1球	4.59	2026-06-02 10:43:26.473
929	73	TOTAL_GOALS	2球	3.35	2026-06-02 10:43:26.473
930	73	TOTAL_GOALS	3球+	1.89	2026-06-02 10:43:26.473
931	73	CORRECT_SCORE	1:0	7.44	2026-06-02 10:43:26.473
932	73	CORRECT_SCORE	1:1	6.09	2026-06-02 10:43:26.473
933	73	CORRECT_SCORE	2:0	9.88	2026-06-02 10:43:26.473
934	73	CORRECT_SCORE	2:1	7.32	2026-06-02 10:43:26.473
935	73	CORRECT_SCORE	0:1	8.28	2026-06-02 10:43:26.473
936	73	CORRECT_SCORE	0:0	7.43	2026-06-02 10:43:26.473
937	74	X1X	home	3.54	2026-06-02 10:43:26.475
938	74	X1X	draw	3.25	2026-06-02 10:43:26.475
939	74	X1X	away	3.04	2026-06-02 10:43:26.475
940	74	TOTAL_GOALS	0球	9.17	2026-06-02 10:43:26.475
941	74	TOTAL_GOALS	1球	4.12	2026-06-02 10:43:26.475
942	74	TOTAL_GOALS	2球	3.55	2026-06-02 10:43:26.475
943	74	TOTAL_GOALS	3球+	2.45	2026-06-02 10:43:26.475
944	74	CORRECT_SCORE	1:0	6.25	2026-06-02 10:43:26.475
945	74	CORRECT_SCORE	1:1	5.34	2026-06-02 10:43:26.475
946	74	CORRECT_SCORE	2:0	8.13	2026-06-02 10:43:26.475
947	74	CORRECT_SCORE	2:1	7.85	2026-06-02 10:43:26.475
948	74	CORRECT_SCORE	0:1	9.42	2026-06-02 10:43:26.475
949	74	CORRECT_SCORE	0:0	8.15	2026-06-02 10:43:26.475
950	75	X1X	home	2.21	2026-06-02 10:43:26.477
951	75	X1X	draw	3.11	2026-06-02 10:43:26.477
952	75	X1X	away	2.36	2026-06-02 10:43:26.477
953	75	TOTAL_GOALS	0球	8.43	2026-06-02 10:43:26.477
954	75	TOTAL_GOALS	1球	4.43	2026-06-02 10:43:26.477
955	75	TOTAL_GOALS	2球	3.49	2026-06-02 10:43:26.477
956	75	TOTAL_GOALS	3球+	2.42	2026-06-02 10:43:26.477
957	75	CORRECT_SCORE	1:0	7.07	2026-06-02 10:43:26.477
958	75	CORRECT_SCORE	1:1	6.35	2026-06-02 10:43:26.477
959	75	CORRECT_SCORE	2:0	10.38	2026-06-02 10:43:26.477
960	75	CORRECT_SCORE	2:1	7.43	2026-06-02 10:43:26.477
961	75	CORRECT_SCORE	0:1	9.45	2026-06-02 10:43:26.477
962	75	CORRECT_SCORE	0:0	8.19	2026-06-02 10:43:26.477
963	76	X1X	home	3.27	2026-06-02 10:43:26.478
964	76	X1X	draw	3.27	2026-06-02 10:43:26.478
965	76	X1X	away	3.61	2026-06-02 10:43:26.478
966	76	TOTAL_GOALS	0球	9.29	2026-06-02 10:43:26.478
967	76	TOTAL_GOALS	1球	4.20	2026-06-02 10:43:26.478
968	76	TOTAL_GOALS	2球	3.80	2026-06-02 10:43:26.478
969	76	TOTAL_GOALS	3球+	2.31	2026-06-02 10:43:26.478
970	76	CORRECT_SCORE	1:0	6.36	2026-06-02 10:43:26.478
971	76	CORRECT_SCORE	1:1	5.85	2026-06-02 10:43:26.478
972	76	CORRECT_SCORE	2:0	9.85	2026-06-02 10:43:26.478
973	76	CORRECT_SCORE	2:1	8.25	2026-06-02 10:43:26.478
974	76	CORRECT_SCORE	0:1	9.79	2026-06-02 10:43:26.478
975	76	CORRECT_SCORE	0:0	7.02	2026-06-02 10:43:26.478
976	77	X1X	home	1.81	2026-06-02 10:43:26.48
977	77	X1X	draw	3.38	2026-06-02 10:43:26.48
978	77	X1X	away	2.09	2026-06-02 10:43:26.48
979	77	TOTAL_GOALS	0球	9.33	2026-06-02 10:43:26.48
980	77	TOTAL_GOALS	1球	4.64	2026-06-02 10:43:26.48
981	77	TOTAL_GOALS	2球	3.49	2026-06-02 10:43:26.48
982	77	TOTAL_GOALS	3球+	2.41	2026-06-02 10:43:26.48
983	77	CORRECT_SCORE	1:0	6.06	2026-06-02 10:43:26.48
984	77	CORRECT_SCORE	1:1	5.62	2026-06-02 10:43:26.48
985	77	CORRECT_SCORE	2:0	9.48	2026-06-02 10:43:26.48
986	77	CORRECT_SCORE	2:1	7.37	2026-06-02 10:43:26.48
987	77	CORRECT_SCORE	0:1	7.21	2026-06-02 10:43:26.48
988	77	CORRECT_SCORE	0:0	8.98	2026-06-02 10:43:26.48
989	78	X1X	home	2.70	2026-06-02 10:43:26.482
990	78	X1X	draw	3.77	2026-06-02 10:43:26.482
991	78	X1X	away	3.17	2026-06-02 10:43:26.482
992	78	TOTAL_GOALS	0球	8.63	2026-06-02 10:43:26.482
993	78	TOTAL_GOALS	1球	4.85	2026-06-02 10:43:26.482
994	78	TOTAL_GOALS	2球	3.16	2026-06-02 10:43:26.482
995	78	TOTAL_GOALS	3球+	2.43	2026-06-02 10:43:26.482
996	78	CORRECT_SCORE	1:0	7.60	2026-06-02 10:43:26.482
997	78	CORRECT_SCORE	1:1	5.39	2026-06-02 10:43:26.482
998	78	CORRECT_SCORE	2:0	10.47	2026-06-02 10:43:26.482
999	78	CORRECT_SCORE	2:1	7.58	2026-06-02 10:43:26.482
1000	78	CORRECT_SCORE	0:1	8.57	2026-06-02 10:43:26.482
1001	78	CORRECT_SCORE	0:0	8.04	2026-06-02 10:43:26.482
1002	79	X1X	home	3.25	2026-06-02 10:43:26.483
1003	79	X1X	draw	3.49	2026-06-02 10:43:26.483
1004	79	X1X	away	3.07	2026-06-02 10:43:26.483
1005	79	TOTAL_GOALS	0球	8.82	2026-06-02 10:43:26.483
1006	79	TOTAL_GOALS	1球	4.41	2026-06-02 10:43:26.483
1007	79	TOTAL_GOALS	2球	3.58	2026-06-02 10:43:26.483
1008	79	TOTAL_GOALS	3球+	2.56	2026-06-02 10:43:26.483
1009	79	CORRECT_SCORE	1:0	7.72	2026-06-02 10:43:26.483
1010	79	CORRECT_SCORE	1:1	5.12	2026-06-02 10:43:26.483
1011	79	CORRECT_SCORE	2:0	10.68	2026-06-02 10:43:26.483
1012	79	CORRECT_SCORE	2:1	8.95	2026-06-02 10:43:26.483
1013	79	CORRECT_SCORE	0:1	7.73	2026-06-02 10:43:26.483
1014	79	CORRECT_SCORE	0:0	7.64	2026-06-02 10:43:26.483
1015	80	X1X	home	3.37	2026-06-02 10:43:26.485
1016	80	X1X	draw	3.42	2026-06-02 10:43:26.485
1017	80	X1X	away	3.53	2026-06-02 10:43:26.485
1018	80	TOTAL_GOALS	0球	9.96	2026-06-02 10:43:26.485
1019	80	TOTAL_GOALS	1球	4.22	2026-06-02 10:43:26.485
1020	80	TOTAL_GOALS	2球	3.13	2026-06-02 10:43:26.485
1021	80	TOTAL_GOALS	3球+	2.12	2026-06-02 10:43:26.485
1022	80	CORRECT_SCORE	1:0	7.13	2026-06-02 10:43:26.485
1023	80	CORRECT_SCORE	1:1	6.01	2026-06-02 10:43:26.485
1024	80	CORRECT_SCORE	2:0	8.83	2026-06-02 10:43:26.485
1025	80	CORRECT_SCORE	2:1	7.77	2026-06-02 10:43:26.485
1026	80	CORRECT_SCORE	0:1	9.60	2026-06-02 10:43:26.485
1027	80	CORRECT_SCORE	0:0	8.50	2026-06-02 10:43:26.485
1028	81	X1X	home	2.58	2026-06-02 10:43:26.486
1029	81	X1X	draw	3.02	2026-06-02 10:43:26.486
1030	81	X1X	away	2.79	2026-06-02 10:43:26.486
1031	81	TOTAL_GOALS	0球	8.81	2026-06-02 10:43:26.486
1032	81	TOTAL_GOALS	1球	4.72	2026-06-02 10:43:26.486
1033	81	TOTAL_GOALS	2球	3.54	2026-06-02 10:43:26.486
1034	81	TOTAL_GOALS	3球+	1.96	2026-06-02 10:43:26.486
1035	81	CORRECT_SCORE	1:0	7.26	2026-06-02 10:43:26.486
1036	81	CORRECT_SCORE	1:1	6.17	2026-06-02 10:43:26.486
1037	81	CORRECT_SCORE	2:0	8.73	2026-06-02 10:43:26.486
1038	81	CORRECT_SCORE	2:1	7.67	2026-06-02 10:43:26.486
1039	81	CORRECT_SCORE	0:1	9.22	2026-06-02 10:43:26.486
1040	81	CORRECT_SCORE	0:0	8.38	2026-06-02 10:43:26.486
1041	82	X1X	home	2.31	2026-06-02 10:43:26.488
1042	82	X1X	draw	3.47	2026-06-02 10:43:26.488
1043	82	X1X	away	3.43	2026-06-02 10:43:26.488
1044	82	TOTAL_GOALS	0球	8.91	2026-06-02 10:43:26.488
1045	82	TOTAL_GOALS	1球	4.43	2026-06-02 10:43:26.488
1046	82	TOTAL_GOALS	2球	3.55	2026-06-02 10:43:26.488
1047	82	TOTAL_GOALS	3球+	2.03	2026-06-02 10:43:26.488
1048	82	CORRECT_SCORE	1:0	7.07	2026-06-02 10:43:26.488
1049	82	CORRECT_SCORE	1:1	5.62	2026-06-02 10:43:26.488
1050	82	CORRECT_SCORE	2:0	9.70	2026-06-02 10:43:26.488
1051	82	CORRECT_SCORE	2:1	8.28	2026-06-02 10:43:26.488
1052	82	CORRECT_SCORE	0:1	8.56	2026-06-02 10:43:26.488
1053	82	CORRECT_SCORE	0:0	8.71	2026-06-02 10:43:26.488
1169	85	HALF_FULL	胜平	14.00	2026-06-02 12:28:07.342
1170	85	HALF_FULL	胜负	38.00	2026-06-02 12:28:07.342
1171	85	HALF_FULL	平胜	4.20	2026-06-02 12:28:07.342
1172	85	HALF_FULL	平平	4.75	2026-06-02 12:28:07.342
1173	85	HALF_FULL	平负	7.50	2026-06-02 12:28:07.342
1174	85	HALF_FULL	负胜	30.00	2026-06-02 12:28:07.342
1175	85	HALF_FULL	负平	14.00	2026-06-02 12:28:07.342
1176	85	HALF_FULL	负负	5.70	2026-06-02 12:28:07.342
1177	85	CORRECT_SCORE	1:0	6.75	2026-06-02 12:28:07.342
1178	85	CORRECT_SCORE	2:0	9.50	2026-06-02 12:28:07.342
1179	85	CORRECT_SCORE	2:1	7.50	2026-06-02 12:28:07.342
1180	85	CORRECT_SCORE	3:0	20.00	2026-06-02 12:28:07.342
1181	85	CORRECT_SCORE	3:1	18.00	2026-06-02 12:28:07.342
1182	85	CORRECT_SCORE	3:2	27.00	2026-06-02 12:28:07.342
1183	85	CORRECT_SCORE	4:0	40.00	2026-06-02 12:28:07.342
1184	85	CORRECT_SCORE	4:1	40.00	2026-06-02 12:28:07.342
1185	85	CORRECT_SCORE	4:2	70.00	2026-06-02 12:28:07.342
1186	85	CORRECT_SCORE	5:0	120.00	2026-06-02 12:28:07.342
1187	85	CORRECT_SCORE	5:1	120.00	2026-06-02 12:28:07.342
1188	85	CORRECT_SCORE	5:2	200.00	2026-06-02 12:28:07.342
1189	85	CORRECT_SCORE	胜其它	80.00	2026-06-02 12:28:07.342
1190	85	CORRECT_SCORE	0:0	9.50	2026-06-02 12:28:07.342
1191	85	CORRECT_SCORE	1:1	5.90	2026-06-02 12:28:07.342
1192	85	CORRECT_SCORE	2:2	14.00	2026-06-02 12:28:07.342
1193	85	CORRECT_SCORE	3:3	60.00	2026-06-02 12:28:07.342
1194	85	CORRECT_SCORE	平其它	400.00	2026-06-02 12:28:07.342
1195	85	CORRECT_SCORE	0:1	9.00	2026-06-02 12:28:07.342
1196	85	CORRECT_SCORE	0:2	15.00	2026-06-02 12:28:07.342
1197	85	CORRECT_SCORE	1:2	10.00	2026-06-02 12:28:07.342
1198	85	CORRECT_SCORE	0:3	40.00	2026-06-02 12:28:07.342
1199	85	CORRECT_SCORE	1:3	28.00	2026-06-02 12:28:07.342
1200	85	CORRECT_SCORE	2:3	35.00	2026-06-02 12:28:07.342
1201	85	CORRECT_SCORE	0:4	100.00	2026-06-02 12:28:07.342
1202	85	CORRECT_SCORE	1:4	80.00	2026-06-02 12:28:07.342
1203	85	CORRECT_SCORE	2:4	100.00	2026-06-02 12:28:07.342
1204	85	CORRECT_SCORE	0:5	400.00	2026-06-02 12:28:07.342
1205	85	CORRECT_SCORE	1:5	300.00	2026-06-02 12:28:07.342
1206	85	CORRECT_SCORE	2:5	400.00	2026-06-02 12:28:07.342
1207	85	CORRECT_SCORE	负其它	150.00	2026-06-02 12:28:07.342
1208	85	TOTAL_GOALS	0球	9.50	2026-06-02 12:28:07.342
1209	85	TOTAL_GOALS	1球	3.90	2026-06-02 12:28:07.342
1210	85	TOTAL_GOALS	2球	3.30	2026-06-02 12:28:07.342
1211	85	TOTAL_GOALS	3球	3.30	2026-06-02 12:28:07.342
1212	85	TOTAL_GOALS	4球	6.40	2026-06-02 12:28:07.342
1213	85	TOTAL_GOALS	5球	13.50	2026-06-02 12:28:07.342
1214	85	TOTAL_GOALS	6球	29.00	2026-06-02 12:28:07.342
1215	85	TOTAL_GOALS	7+	45.00	2026-06-02 12:28:07.342
\.


--
-- Data for Name: tournaments; Type: TABLE DATA; Schema: public; Owner: -
--

COPY public.tournaments (id, name, "leagueId", season, "startDate", "endDate", status, "createdAt", "updatedAt") FROM stdin;
1	2026 FIFA World Cup	1	2026	2026-06-11 00:00:00	2026-07-19 00:00:00	ACTIVE	2026-06-02 09:29:48.296	2026-06-02 09:29:48.296
5002026	500.com 赔率测试赛	500	2026	2026-06-02 16:00:00	2026-06-02 19:00:00	ACTIVE	2026-06-02 12:28:07.292	2026-06-02 12:28:07.292
\.


--
-- Data for Name: transactions; Type: TABLE DATA; Schema: public; Owner: -
--

COPY public.transactions (id, "userId", type, amount, "balanceAfter", "relatedBetId", "operatorId", remark, "createdAt") FROM stdin;
4	9	WIN	89.60	89.60	14	\N	中奖发放	2026-06-02 16:46:11.709
5	9	WIN	25.70	115.30	16	\N	中奖发放	2026-06-02 16:46:11.717
6	7	WIN	44.80	44.80	21	\N	中奖发放	2026-06-02 16:46:11.727
7	8	WIN	41.40	41.40	7	\N	中奖发放	2026-06-02 17:18:36.377
8	7	WIN	106.40	151.20	12	\N	中奖发放	2026-06-02 17:18:36.404
9	9	WIN	20.70	136.00	27	\N	中奖发放	2026-06-02 17:18:36.415
10	8	ADJUST	-41.40	0.00	7	\N	结算修正回退	2026-06-02 17:27:16.414
11	7	ADJUST	-106.40	44.80	12	\N	结算修正回退	2026-06-02 17:27:16.423
12	9	ADJUST	-20.70	115.30	27	\N	结算修正回退	2026-06-02 17:27:16.428
13	8	WIN	41.40	41.40	7	\N	中奖发放	2026-06-02 17:27:16.511
14	8	WIN	2000.00	2041.40	10	\N	中奖发放	2026-06-02 17:27:16.521
15	7	WIN	106.40	151.20	12	\N	中奖发放	2026-06-02 17:27:16.527
16	9	WIN	20.70	136.00	27	\N	中奖发放	2026-06-02 17:27:16.531
17	9	WIN	110.00	246.00	28	\N	中奖发放	2026-06-02 17:27:16.535
18	8	ADJUST	-41.40	2000.00	7	\N	结算修正回退	2026-06-02 17:43:35.099
19	8	ADJUST	-2000.00	0.00	10	\N	结算修正回退	2026-06-02 17:43:35.105
20	7	ADJUST	-106.40	44.80	12	\N	结算修正回退	2026-06-02 17:43:35.108
21	9	ADJUST	-20.70	225.30	27	\N	结算修正回退	2026-06-02 17:43:35.112
22	9	ADJUST	-110.00	115.30	28	\N	结算修正回退	2026-06-02 17:43:35.114
23	8	WIN	102.00	102.00	5	\N	中奖发放	2026-06-02 17:43:35.153
24	9	WIN	51.00	166.30	31	\N	中奖发放	2026-06-02 17:43:35.168
25	7	WIN	30.20	75.00	33	\N	中奖发放	2026-06-02 17:43:35.182
26	7	WIN	210.00	285.00	34	\N	中奖发放	2026-06-02 17:43:35.187
27	8	WIN	10.45	112.45	39	\N	中奖发放	2026-06-03 00:53:08.412
28	8	WIN	67.50	179.95	43	\N	中奖发放	2026-06-03 00:53:08.415
\.


--
-- Data for Name: user_stats; Type: TABLE DATA; Schema: public; Owner: -
--

COPY public.user_stats (id, "userId", "totalBets", "totalWonBets", "totalBetAmount", "totalWinAmount", "netProfit", "updatedAt") FROM stdin;
11	7	14	3	130.00	285.00	155.00	2026-06-02 17:43:35.194
13	9	13	3	140.00	166.30	26.30	2026-06-02 17:43:35.195
12	8	12	3	135.00	179.95	44.95	2026-06-03 00:53:08.418
1	1	0	0	0.00	0.00	0.00	2026-06-02 10:43:26.49
14	10	0	0	0.00	0.00	0.00	2026-06-02 15:58:46.62
\.


--
-- Data for Name: users; Type: TABLE DATA; Schema: public; Owner: -
--

COPY public.users (id, username, nickname, avatar, role, status, "createdAt", "updatedAt") FROM stdin;
1	admin	管理员	\N	ADMIN	ACTIVE	2026-06-02 05:25:03.556	2026-06-02 05:25:03.556
7	guoguo	锅锅	\N	PLAYER	ACTIVE	2026-06-02 15:58:04.613	2026-06-02 15:58:04.613
8	dashen	大神	\N	PLAYER	ACTIVE	2026-06-02 15:58:11.301	2026-06-02 15:58:11.301
9	fumei	福美	\N	PLAYER	ACTIVE	2026-06-02 15:58:28.312	2026-06-02 15:58:28.312
10	chenzong	陈总	\N	PLAYER	ACTIVE	2026-06-02 15:58:46.617	2026-06-02 15:58:54.838
\.


--
-- Data for Name: wallets; Type: TABLE DATA; Schema: public; Owner: -
--

COPY public.wallets (id, "userId", balance, "updatedAt") FROM stdin;
1	1	1000.00	2026-06-02 10:43:26.491
10	10	0.00	2026-06-02 15:58:46.619
9	9	166.30	2026-06-02 17:43:35.167
7	7	285.00	2026-06-02 17:43:35.186
8	8	179.95	2026-06-03 00:53:08.415
\.


--
-- Name: bet_items_id_seq; Type: SEQUENCE SET; Schema: public; Owner: -
--

SELECT pg_catalog.setval('public.bet_items_id_seq', 47, true);


--
-- Name: bets_id_seq; Type: SEQUENCE SET; Schema: public; Owner: -
--

SELECT pg_catalog.setval('public.bets_id_seq', 43, true);


--
-- Name: matches_id_seq; Type: SEQUENCE SET; Schema: public; Owner: -
--

SELECT pg_catalog.setval('public.matches_id_seq', 85, true);


--
-- Name: odds_id_seq; Type: SEQUENCE SET; Schema: public; Owner: -
--

SELECT pg_catalog.setval('public.odds_id_seq', 1215, true);


--
-- Name: tournaments_id_seq; Type: SEQUENCE SET; Schema: public; Owner: -
--

SELECT pg_catalog.setval('public.tournaments_id_seq', 1, true);


--
-- Name: transactions_id_seq; Type: SEQUENCE SET; Schema: public; Owner: -
--

SELECT pg_catalog.setval('public.transactions_id_seq', 28, true);


--
-- Name: user_stats_id_seq; Type: SEQUENCE SET; Schema: public; Owner: -
--

SELECT pg_catalog.setval('public.user_stats_id_seq', 55, true);


--
-- Name: users_id_seq; Type: SEQUENCE SET; Schema: public; Owner: -
--

SELECT pg_catalog.setval('public.users_id_seq', 10, true);


--
-- Name: wallets_id_seq; Type: SEQUENCE SET; Schema: public; Owner: -
--

SELECT pg_catalog.setval('public.wallets_id_seq', 10, true);


--
-- Name: bet_items bet_items_pkey; Type: CONSTRAINT; Schema: public; Owner: -
--

ALTER TABLE ONLY public.bet_items
    ADD CONSTRAINT bet_items_pkey PRIMARY KEY (id);


--
-- Name: bets bets_pkey; Type: CONSTRAINT; Schema: public; Owner: -
--

ALTER TABLE ONLY public.bets
    ADD CONSTRAINT bets_pkey PRIMARY KEY (id);


--
-- Name: matches matches_pkey; Type: CONSTRAINT; Schema: public; Owner: -
--

ALTER TABLE ONLY public.matches
    ADD CONSTRAINT matches_pkey PRIMARY KEY (id);


--
-- Name: odds odds_pkey; Type: CONSTRAINT; Schema: public; Owner: -
--

ALTER TABLE ONLY public.odds
    ADD CONSTRAINT odds_pkey PRIMARY KEY (id);


--
-- Name: tournaments tournaments_pkey; Type: CONSTRAINT; Schema: public; Owner: -
--

ALTER TABLE ONLY public.tournaments
    ADD CONSTRAINT tournaments_pkey PRIMARY KEY (id);


--
-- Name: transactions transactions_pkey; Type: CONSTRAINT; Schema: public; Owner: -
--

ALTER TABLE ONLY public.transactions
    ADD CONSTRAINT transactions_pkey PRIMARY KEY (id);


--
-- Name: user_stats user_stats_pkey; Type: CONSTRAINT; Schema: public; Owner: -
--

ALTER TABLE ONLY public.user_stats
    ADD CONSTRAINT user_stats_pkey PRIMARY KEY (id);


--
-- Name: users users_pkey; Type: CONSTRAINT; Schema: public; Owner: -
--

ALTER TABLE ONLY public.users
    ADD CONSTRAINT users_pkey PRIMARY KEY (id);


--
-- Name: wallets wallets_pkey; Type: CONSTRAINT; Schema: public; Owner: -
--

ALTER TABLE ONLY public.wallets
    ADD CONSTRAINT wallets_pkey PRIMARY KEY (id);


--
-- Name: bet_items_betId_idx; Type: INDEX; Schema: public; Owner: -
--

CREATE INDEX "bet_items_betId_idx" ON public.bet_items USING btree ("betId");


--
-- Name: bet_items_matchId_idx; Type: INDEX; Schema: public; Owner: -
--

CREATE INDEX "bet_items_matchId_idx" ON public.bet_items USING btree ("matchId");


--
-- Name: bets_betUid_key; Type: INDEX; Schema: public; Owner: -
--

CREATE UNIQUE INDEX "bets_betUid_key" ON public.bets USING btree ("betUid");


--
-- Name: bets_status_idx; Type: INDEX; Schema: public; Owner: -
--

CREATE INDEX bets_status_idx ON public.bets USING btree (status);


--
-- Name: bets_userId_idx; Type: INDEX; Schema: public; Owner: -
--

CREATE INDEX "bets_userId_idx" ON public.bets USING btree ("userId");


--
-- Name: matches_apiMatchId_key; Type: INDEX; Schema: public; Owner: -
--

CREATE UNIQUE INDEX "matches_apiMatchId_key" ON public.matches USING btree ("apiMatchId");


--
-- Name: matches_kickoffTime_idx; Type: INDEX; Schema: public; Owner: -
--

CREATE INDEX "matches_kickoffTime_idx" ON public.matches USING btree ("kickoffTime");


--
-- Name: matches_status_idx; Type: INDEX; Schema: public; Owner: -
--

CREATE INDEX matches_status_idx ON public.matches USING btree (status);


--
-- Name: matches_tournamentId_idx; Type: INDEX; Schema: public; Owner: -
--

CREATE INDEX "matches_tournamentId_idx" ON public.matches USING btree ("tournamentId");


--
-- Name: odds_matchId_betType_optionKey_key; Type: INDEX; Schema: public; Owner: -
--

CREATE UNIQUE INDEX "odds_matchId_betType_optionKey_key" ON public.odds USING btree ("matchId", "betType", "optionKey");


--
-- Name: transactions_createdAt_idx; Type: INDEX; Schema: public; Owner: -
--

CREATE INDEX "transactions_createdAt_idx" ON public.transactions USING btree ("createdAt");


--
-- Name: transactions_userId_idx; Type: INDEX; Schema: public; Owner: -
--

CREATE INDEX "transactions_userId_idx" ON public.transactions USING btree ("userId");


--
-- Name: user_stats_userId_key; Type: INDEX; Schema: public; Owner: -
--

CREATE UNIQUE INDEX "user_stats_userId_key" ON public.user_stats USING btree ("userId");


--
-- Name: users_username_key; Type: INDEX; Schema: public; Owner: -
--

CREATE UNIQUE INDEX users_username_key ON public.users USING btree (username);


--
-- Name: wallets_userId_key; Type: INDEX; Schema: public; Owner: -
--

CREATE UNIQUE INDEX "wallets_userId_key" ON public.wallets USING btree ("userId");


--
-- Name: bet_items bet_items_betId_fkey; Type: FK CONSTRAINT; Schema: public; Owner: -
--

ALTER TABLE ONLY public.bet_items
    ADD CONSTRAINT "bet_items_betId_fkey" FOREIGN KEY ("betId") REFERENCES public.bets(id) ON UPDATE CASCADE ON DELETE CASCADE;


--
-- Name: bet_items bet_items_matchId_fkey; Type: FK CONSTRAINT; Schema: public; Owner: -
--

ALTER TABLE ONLY public.bet_items
    ADD CONSTRAINT "bet_items_matchId_fkey" FOREIGN KEY ("matchId") REFERENCES public.matches(id) ON UPDATE CASCADE ON DELETE RESTRICT;


--
-- Name: bets bets_userId_fkey; Type: FK CONSTRAINT; Schema: public; Owner: -
--

ALTER TABLE ONLY public.bets
    ADD CONSTRAINT "bets_userId_fkey" FOREIGN KEY ("userId") REFERENCES public.users(id) ON UPDATE CASCADE ON DELETE RESTRICT;


--
-- Name: matches matches_tournamentId_fkey; Type: FK CONSTRAINT; Schema: public; Owner: -
--

ALTER TABLE ONLY public.matches
    ADD CONSTRAINT "matches_tournamentId_fkey" FOREIGN KEY ("tournamentId") REFERENCES public.tournaments(id) ON UPDATE CASCADE ON DELETE RESTRICT;


--
-- Name: odds odds_matchId_fkey; Type: FK CONSTRAINT; Schema: public; Owner: -
--

ALTER TABLE ONLY public.odds
    ADD CONSTRAINT "odds_matchId_fkey" FOREIGN KEY ("matchId") REFERENCES public.matches(id) ON UPDATE CASCADE ON DELETE CASCADE;


--
-- Name: transactions transactions_operatorId_fkey; Type: FK CONSTRAINT; Schema: public; Owner: -
--

ALTER TABLE ONLY public.transactions
    ADD CONSTRAINT "transactions_operatorId_fkey" FOREIGN KEY ("operatorId") REFERENCES public.users(id) ON UPDATE CASCADE ON DELETE SET NULL;


--
-- Name: transactions transactions_userId_fkey; Type: FK CONSTRAINT; Schema: public; Owner: -
--

ALTER TABLE ONLY public.transactions
    ADD CONSTRAINT "transactions_userId_fkey" FOREIGN KEY ("userId") REFERENCES public.users(id) ON UPDATE CASCADE ON DELETE RESTRICT;


--
-- Name: user_stats user_stats_userId_fkey; Type: FK CONSTRAINT; Schema: public; Owner: -
--

ALTER TABLE ONLY public.user_stats
    ADD CONSTRAINT "user_stats_userId_fkey" FOREIGN KEY ("userId") REFERENCES public.users(id) ON UPDATE CASCADE ON DELETE CASCADE;


--
-- Name: wallets wallets_userId_fkey; Type: FK CONSTRAINT; Schema: public; Owner: -
--

ALTER TABLE ONLY public.wallets
    ADD CONSTRAINT "wallets_userId_fkey" FOREIGN KEY ("userId") REFERENCES public.users(id) ON UPDATE CASCADE ON DELETE CASCADE;


--
-- PostgreSQL database dump complete
--

\unrestrict yBG3rt3b0CUPiaerBs8qXzT1GPpxcFkMXjhufDyK6qa4TiljfToEchb2Hn7hOtO

